12/31/17,NT,1
12/31/17,MT,1
12/31/17,XC,1
12/31/17,VL,1
12/31/17,TC,1
12/31/17,TC,1
12/31/17,PL,1
12/31/17,VL,2
12/31/17,XC,1
12/31/17,CI,1
12/31/17,TC,1
12/31/17,CI,1
12/31/17,CK,1
12/31/17,VL,1
12/31/17,TC,2
12/31/17,CI,1
12/31/17,MT,1
12/31/17,NT,1
12/31/17,TC,1
12/31/17,NT,1
12/31/17,PL,1
12/31/17,MT,1
12/31/17,XC,1
12/31/17,CI,1
12/31/17,TC,1
12/31/17,XC,1
12/31/17,CJ,1
12/31/17,MT,1
12/31/17,XC,1
12/31/17,CI,1
12/31/17,CK,1
12/31/17,TC,1
12/31/17,MT,1
12/31/17,TC,1
12/31/17,VL,1
12/31/17,PL,1
12/31/17,TC,1
12/31/17,NT,1
12/31/17,XC,1
12/31/17,NT,5
12/31/17,CK,2
12/31/17,VL,1
12/31/17,VL,1
12/31/17,VL,1
12/29/17,CJ,2
12/29/17,TC,1
12/29/17,CK,1
12/29/17,XC,1
12/29/17,CH,1
12/29/17,CJ,2
12/29/17,XC,2
12/29/17,TC,1
12/29/17,CI,1
12/29/17,CJ,1
12/29/17,NT,1
12/29/17,CJ,2
12/29/17,NT,1
12/29/17,XC,1
12/29/17,NT,1
12/29/17,TC,1
12/29/17,CJ,1
12/29/17,CK,1
12/29/17,NT,2
12/29/17,TC,1
12/29/17,CJ,1
12/28/17,CJ,1
12/28/17,VL,1
12/28/17,CH,1
12/28/17,CJ,1
12/28/17,CJ,1
12/28/17,TC,3
12/28/17,CI,1
12/28/17,NT,1
12/28/17,XC,2
12/28/17,VL,2
12/28/17,TC,2
12/28/17,CK,2
12/28/17,NT,2
12/28/17,CI,2
12/28/17,VL,1
12/28/17,TC,1
12/28/17,TC,1
12/28/17,XC,1
12/28/17,TC,1
12/22/17,TC,1
12/22/17,CT,1
12/22/17,TC,2
12/22/17,TC,1
12/22/17,CT,1
12/22/17,CI,1
12/22/17,NT,1
12/22/17,VL,1
12/22/17,XC,1
12/22/17,TC,1
12/22/17,NT,1
12/22/17,NT,1
12/22/17,CK,1
12/22/17,NT,2
12/22/17,CK,1
12/22/17,MT,1
12/22/17,CI,1
12/22/17,TC,1
12/22/17,CT,2
12/22/17,TC,1
12/22/17,CK,1
12/22/17,MT,1
12/22/17,CI,1
12/22/17,NV,2
12/22/17,XC,1
12/22/17,TC,1
12/22/17,XC,1
12/22/17,TC,1
12/22/17,MT,1
12/22/17,XC,1
12/22/17,VL,1
12/22/17,NV,1
12/21/17,CK,1
12/21/17,MT,1
12/21/17,CI,1
12/21/17,CJ,1
12/21/17,NV,1
12/21/17,VL,1
12/21/17,CI,1
12/21/17,CK,1
12/21/17,CI,1
12/21/17,CI,1
12/21/17,CJ,3
12/21/17,CK,1
12/21/17,NV,1
12/21/17,XC,1
12/21/17,NT,1
12/21/17,CK,2
12/21/17,XC,1
12/21/17,PL,1
12/20/17,CK,1
12/20/17,VL,1
12/20/17,XC,2
12/20/17,TC,2
12/20/17,CK,1
12/20/17,VL,1
12/20/17,MT,1
12/20/17,PL,1
12/20/17,CK,1
12/20/17,HM,1
12/20/17,NV,1
12/20/17,NT,2
12/20/17,NV,1
12/20/17,XC,1
12/20/17,NT,1
12/20/17,TC,1
12/20/17,NT,1
12/20/17,NT,1
12/20/17,NV,1
12/20/17,NT,1
12/20/17,CK,1
12/20/17,NV,1
12/20/17,CK,1
12/20/17,HM,1
12/20/17,TC,2
12/20/17,CK,1
12/20/17,TC,3
12/20/17,CK,1
12/20/17,NT,1
12/20/17,XC,1
12/20/17,VL,1
12/20/17,CK,1
12/20/17,XC,1
12/20/17,TC,1
12/20/17,NT,2
12/20/17,TC,1
12/19/17,MT,2
12/19/17,NV,1
12/19/17,MT,1
12/19/17,XC,1
12/19/17,VL,1
12/19/17,XC,1
12/19/17,XC,1
12/19/17,NT,1
12/19/17,NT,3
12/19/17,CH,2
12/19/17,NV,1
12/19/17,CK,1
12/19/17,NT,1
12/19/17,CI,1
12/19/17,CK,1
12/19/17,NV,1
12/19/17,MT,1
12/19/17,NV,1
12/19/17,CK,1
12/19/17,TC,1
12/19/17,NT,1
12/19/17,CH,1
12/19/17,VL,1
12/19/17,CK,1
12/19/17,CI,1
12/19/17,VL,1
12/19/17,TC,1
12/19/17,CI,2
12/19/17,VL,2
12/19/17,XC,2
12/19/17,TC,2
12/19/17,CK,4
12/19/17,VL,1
12/19/17,XC,1
12/19/17,TC,2
12/19/17,CK,2
12/19/17,XC,1
12/19/17,TC,1
12/18/17,RM,1
12/18/17,NT,1
12/18/17,VL,1
12/18/17,RM,1
12/18/17,NT,1
12/18/17,RM,1
12/18/17,XC,1
12/18/17,CK,1
12/18/17,NT,1
12/18/17,MT,1
12/18/17,CI,1
12/18/17,VL,1
12/18/17,RM,1
12/18/17,XC,1
12/18/17,CI,3
12/18/17,CK,1
12/18/17,RM,1
12/18/17,NT,2
12/18/17,TC,1
12/18/17,TC,2
12/18/17,CK,2
12/18/17,XC,1
12/18/17,TC,1
12/16/17,CI,1
12/16/17,VL,1
12/16/17,NT,1
12/16/17,MT,1
12/16/17,CH,2
12/16/17,HM,1
12/16/17,CI,1
12/16/17,NT,1
12/16/17,XC,1
12/16/17,CH,1
12/16/17,TC,1
12/16/17,NT,1
12/16/17,CH,1
12/16/17,MT,1
12/16/17,CI,1
12/16/17,PL,1
12/16/17,XC,2
12/16/17,VL,1
12/16/17,CH,1
12/16/17,HM,1
12/16/17,NT,1
12/16/17,CK,1
12/16/17,TC,1
12/16/17,CI,1
12/16/17,PL,1
12/16/17,TC,2
12/16/17,CI,1
12/16/17,NT,3
12/16/17,TC,2
12/16/17,CK,1
12/16/17,MT,1
12/16/17,CH,1
12/16/17,XC,1
12/16/17,HM,1
12/16/17,VL,1
12/16/17,CI,1
12/16/17,PL,1
12/16/17,CK,1
12/16/17,CH,1
12/16/17,XC,1
12/16/17,CH,1
12/16/17,MT,1
12/16/17,PL,1
12/16/17,CI,1
12/16/17,HM,1
12/16/17,TC,1
12/16/17,CK,1
12/16/17,TC,1
12/16/17,MT,1
12/16/17,XC,1
12/16/17,CK,1
12/16/17,VL,1
12/16/17,NT,1
12/16/17,CI,1
12/16/17,TC,2
12/16/17,PL,1
12/16/17,CK,1
12/16/17,NT,1
12/16/17,CI,1
12/16/17,MT,1
12/16/17,HM,1
12/16/17,MT,1
12/16/17,XC,1
12/16/17,XC,1
12/16/17,CI,1
12/16/17,NT,1
12/16/17,PL,1
12/16/17,XC,1
12/16/17,HM,1
12/16/17,CK,1
12/16/17,NT,1
12/16/17,MT,1
12/16/17,PL,1
12/16/17,TC,2
12/16/17,HM,1
12/16/17,MT,1
12/16/17,VL,1
12/16/17,NT,1
12/16/17,TC,1
12/16/17,HM,1
12/16/17,TC,2
12/16/17,NT,1
12/16/17,NT,1
12/15/17,MT,1
12/15/17,HM,1
12/15/17,CK,2
12/15/17,VL,1
12/15/17,XC,1
12/15/17,CK,1
12/15/17,MT,1
12/15/17,HM,1
12/15/17,CH,1
12/15/17,XC,1
12/15/17,RM,1
12/15/17,CI,1
12/15/17,CH,1
12/15/17,VL,1
12/15/17,CI,1
12/15/17,NT,1
12/15/17,HM,2
12/15/17,CK,1
12/15/17,XC,1
12/15/17,CH,1
12/15/17,CK,1
12/15/17,NT,3
12/15/17,CI,1
12/15/17,MT,1
12/15/17,CK,1
12/15/17,XC,1
12/15/17,CH,1
12/15/17,XC,1
12/15/17,VL,1
12/15/17,RM,1
12/15/17,XC,1
12/15/17,NT,1
12/15/17,CJ,1
12/15/17,CK,1
12/15/17,CI,1
12/15/17,CJ,1
12/15/17,CI,2
12/15/17,CJ,1
12/15/17,VL,1
12/15/17,NT,1
12/15/17,CI,1
12/15/17,XC,1
12/15/17,MT,1
12/15/17,MT,1
12/15/17,NT,2
12/15/17,TC,1
12/15/17,CI,3
12/15/17,CK,2
12/15/17,XC,1
12/15/17,NT,1
12/15/17,TC,1
12/15/17,NT,1
12/15/17,CJ,1
12/15/17,TC,2
12/15/17,VL,1
12/14/17,CJ,3
12/14/17,VL,1
12/14/17,NT,1
12/14/17,NT,2
12/14/17,XC,2
12/14/17,CK,2
12/14/17,CK,1
12/14/17,TC,2
12/14/17,CJ,1
12/13/17,XC,1
12/13/17,TC,1
12/13/17,CJ,2
12/13/17,CI,1
12/13/17,CH,1
12/13/17,VL,1
12/13/17,CK,1
12/13/17,XC,2
12/13/17,NT,1
12/13/17,PL,1
12/13/17,CI,1
12/13/17,CH,1
12/13/17,XC,1
12/13/17,CJ,1
12/13/17,TC,2
12/13/17,CK,2
12/13/17,NT,1
12/13/17,CI,1
12/13/17,TC,1
12/12/17,VL,2
12/12/17,HM,1
12/12/17,PL,1
12/12/17,XC,1
12/12/17,VL,1
12/12/17,PL,1
12/12/17,NT,1
12/12/17,CT,1
12/12/17,NT,10
12/12/17,PL,5
12/12/17,HM,5
12/12/17,CT,5
12/12/17,CJ,2
12/12/17,XC,1
12/12/17,PL,2
12/12/17,TC,1
12/12/17,CJ,1
12/12/17,VL,1
12/12/17,HM,1
12/12/17,TC,2
12/12/17,NT,1
12/12/17,VL,1
12/12/17,CK,1
12/12/17,XC,1
12/12/17,CJ,1
12/10/17,CJ,2
12/10/17,HM,1
12/10/17,TC,1
12/10/17,CJ,1
12/10/17,XC,2
12/10/17,VL,1
12/10/17,NT,1
12/10/17,NT,1
12/10/17,CT,1
12/10/17,CK,1
12/10/17,HM,1
12/10/17,TC,1
12/10/17,NT,2
12/10/17,NT,2
12/10/17,CK,1
12/10/17,MT,1
12/10/17,CH,1
12/10/17,PL,1
12/10/17,CT,1
12/10/17,TC,1
12/10/17,XC,1
12/10/17,HM,1
12/10/17,CT,1
12/10/17,PL,1
12/10/17,MT,1
12/10/17,NT,1
12/10/17,CK,1
12/10/17,TC,1
12/10/17,CH,1
12/10/17,NT,1
12/10/17,TC,1
12/10/17,RM,1
12/10/17,VL,2
12/10/17,RM,2
12/10/17,CK,1
12/10/17,PL,1
12/10/17,RM,1
12/10/17,TC,1
12/10/17,NT,1
12/10/17,MT,1
12/10/17,CI,1
12/10/17,NT,1
12/10/17,CK,4
12/10/17,XC,1
12/10/17,CI,1
12/10/17,MT,1
12/10/17,NT,1
12/10/17,PL,1
12/10/17,XC,1
12/10/17,HM,1
12/10/17,CI,1
12/10/17,CK,1
12/10/17,MT,1
12/10/17,NT,1
12/10/17,NT,1
12/10/17,CK,1
12/10/17,PL,1
12/10/17,XC,1
12/10/17,CT,1
12/10/17,PL,1
12/10/17,CT,1
12/10/17,CI,1
12/10/17,PL,1
12/10/17,RM,1
12/10/17,PL,1
12/10/17,PL,1
12/10/17,VL,1
12/10/17,CI,1
12/10/17,CK,1
12/10/17,CJ,1
12/10/17,CJ,1
12/10/17,XC,1
12/10/17,MT,1
12/10/17,NT,1
12/10/17,CT,1
12/10/17,CI,1
12/10/17,CI,1
12/10/17,RM,1
12/10/17,MT,1
12/10/17,VL,1
12/10/17,CK,1
12/10/17,RM,1
12/10/17,NT,1
12/10/17,TC,1
12/10/17,CT,1
12/10/17,XC,1
12/10/17,VL,1
12/10/17,CK,1
12/10/17,TC,1
12/10/17,NT,1
12/10/17,XC,1
12/10/17,PL,1
12/10/17,VL,1
12/10/17,NT,1
12/10/17,CI,1
12/10/17,NT,1
12/10/17,CK,1
12/10/17,XC,1
12/10/17,PL,1
12/10/17,CK,1
12/10/17,TC,1
12/10/17,CK,1
12/10/17,TC,1
12/10/17,XC,1
12/10/17,NT,2
12/10/17,CK,1
12/10/17,VL,1
12/10/17,NT,1
12/10/17,XC,2
12/10/17,CK,2
12/10/17,CT,2
12/10/17,XC,1
12/10/17,NT,1
12/10/17,VL,2
12/10/17,XC,1
12/10/17,XC,1
12/10/17,TC,1
12/10/17,NT,1
12/10/17,CK,1
12/10/17,NT,1
12/10/17,TC,1
12/10/17,TC,1
12/10/17,NT,2
12/10/17,VL,1
12/10/17,TC,1
12/8/17,HM,3
12/8/17,MT,2
12/8/17,CK,1
12/8/17,TC,1
12/8/17,TC,1
12/8/17,PL,1
12/8/17,CK,1
12/8/17,HM,1
12/8/17,PL,1
12/8/17,PL,1
12/8/17,VL,1
12/8/17,HM,1
12/8/17,VL,1
12/8/17,XC,1
12/8/17,CK,1
12/8/17,NT,1
12/8/17,TC,1
12/8/17,TC,1
12/8/17,XC,2
12/8/17,PL,1
12/8/17,NT,2
12/8/17,NT,1
12/8/17,XC,1
12/8/17,HM,1
12/8/17,VL,1
12/8/17,XC,1
12/8/17,NT,1
12/8/17,CK,1
12/8/17,XC,1
12/8/17,VL,1
12/8/17,HM,2
12/8/17,VL,1
12/8/17,VL,1
12/8/17,VL,1
12/7/17,NT,1
12/7/17,XC,2
12/7/17,VL,2
12/7/17,PL,2
12/7/17,NT,1
12/7/17,VL,1
12/7/17,XC,2
12/7/17,XC,1
12/7/17,CK,1
12/7/17,NT,1
12/7/17,CI,1
12/7/17,CK,1
12/7/17,NT,1
12/7/17,CI,1
12/7/17,PL,1
12/7/17,CI,1
12/7/17,PL,1
12/7/17,CK,2
12/7/17,CI,2
12/7/17,PL,2
12/7/17,NT,3
12/7/17,VL,1
12/7/17,XC,2
12/7/17,XC,2
12/7/17,VL,1
12/7/17,VL,1
12/7/17,XC,1
11/19/17,NT,1
11/19/17,HM,1
11/19/17,NT,1
11/19/17,CI,1
11/19/17,NT,1
11/19/17,HM,1
11/19/17,CI,3
11/19/17,CT,1
11/19/17,NT,2
11/19/17,HM,1
11/19/17,NT,1
11/19/17,VL,1
11/19/17,NT,1
11/19/17,CI,4
11/19/17,HM,2
11/19/17,XC,2
11/19/17,CK,1
11/19/17,XC,2
11/19/17,VL,2
11/19/17,NT,2
11/19/17,CK,2
11/19/17,HM,2
11/19/17,NT,1
11/19/17,CK,1
11/19/17,VL,1
11/19/17,HM,2
11/19/17,NT,1
11/19/17,XC,1
11/19/17,XC,2
11/19/17,NT,1
11/19/17,VL,1
11/19/17,CT,1
11/19/17,CK,1
11/19/17,NT,1
11/19/17,CK,1
11/19/17,CI,1
11/19/17,CT,2
11/19/17,XC,1
11/19/17,CI,1
11/19/17,CT,1
11/19/17,CI,1
11/19/17,CK,1
11/19/17,CT,2
11/19/17,CK,1
11/19/17,CK,1
11/19/17,CI,1
11/19/17,XC,2
11/19/17,CI,1
11/19/17,XC,2
11/19/17,XC,1
11/19/17,CT,1
11/19/17,VL,1
11/19/17,TC,1
11/19/17,CT,1
11/19/17,HM,3
11/19/17,HM,1
11/19/17,XC,2
11/19/17,HM,1
11/19/17,XC,1
11/19/17,VL,2
11/19/17,XC,1
11/19/17,VL,1
11/19/17,VL,1
11/19/17,XC,1
11/19/17,CI,1
11/19/17,CI,2
11/19/17,CI,1
11/19/17,CI,1
11/19/17,CI,2
11/19/17,CI,1
11/19/17,CI,2
11/19/17,CK,2
11/19/17,NT,2
11/19/17,XC,1
11/19/17,XC,1
11/19/17,XC,1
11/19/17,CK,1
11/19/17,CK,1
11/19/17,XC,1
11/19/17,NT,1
11/19/17,NT,1
11/19/17,CK,1
11/19/17,VL,1
11/19/17,XC,3
11/19/17,VL,2
11/19/17,CK,1
11/19/17,CK,2
11/19/17,NT,2
11/19/17,VL,2
11/19/17,XC,1
11/19/17,NT,1
11/19/17,VL,1
11/19/17,XC,1
11/19/17,NT,1
11/19/17,TC,1
11/19/17,TC,2
11/19/17,XC,1
11/19/17,XC,3
11/16/17,NT,2
11/16/17,NT,1
11/16/17,VL,1
11/16/17,XC,6
11/16/17,XC,6
11/16/17,XC,12
11/16/17,XC,1
11/16/17,CK,1
11/16/17,XC,6
11/16/17,CI,1
11/16/17,CK,1
11/16/17,CI,1
11/16/17,CK,2
11/16/17,CK,1
11/16/17,CI,2
11/16/17,VL,1
11/16/17,CI,3
11/16/17,HM,4
11/16/17,XC,24
11/16/17,NT,1
11/16/17,CI,2
11/16/17,XC,8
11/16/17,XC,6
11/16/17,NT,1
11/16/17,XC,1
11/16/17,CK,2
11/16/17,XC,6
11/16/17,XC,12
11/16/17,MT,1
11/16/17,NT,1
11/16/17,XC,12
11/16/17,XC,6
11/16/17,CH,1
11/16/17,CI,1
11/16/17,CI,2
11/16/17,HM,1
11/16/17,CI,1
11/16/17,XC,6
11/16/17,CI,1
11/16/17,XC,6
11/16/17,XC,1
11/16/17,HM,1
11/16/17,XC,12
11/16/17,CI,2
11/16/17,NT,1
11/16/17,CI,1
11/16/17,HM,1
11/16/17,CI,1
11/16/17,XC,2
11/16/17,XC,6
11/16/17,XC,6
11/16/17,PL,1
11/16/17,XC,2
11/16/17,HM,1
11/16/17,MT,2
11/16/17,HM,1
11/16/17,CK,1
11/16/17,CI,1
11/16/17,XC,2
11/16/17,NT,1
11/16/17,HM,1
11/16/17,XC,2
11/16/17,PL,1
11/16/17,XC,1
11/16/17,MT,2
11/16/17,HM,1
11/16/17,XC,6
11/16/17,XC,12
11/16/17,HM,1
11/16/17,XC,6
11/16/17,CK,1
11/16/17,XC,1
11/16/17,CK,1
11/16/17,CK,1
11/16/17,HM,1
11/16/17,XC,2
11/16/17,CK,1
11/16/17,XC,1
11/16/17,XC,1
11/16/17,NT,1
11/16/17,CK,1
11/16/17,XC,6
11/16/17,XC,3
11/16/17,XC,2
11/16/17,CK,1
11/16/17,NT,1
11/16/17,CK,1
11/16/17,XC,1
11/16/17,NT,1
11/16/17,XC,5
11/16/17,CI,1
11/16/17,XC,1
11/16/17,CT,1
11/16/17,CI,1
11/16/17,CI,3
11/16/17,CI,1
11/16/17,PL,2
11/16/17,NT,2
11/16/17,CI,1
11/16/17,CI,1
11/16/17,XC,1
11/16/17,XC,6
11/16/17,HM,1
11/16/17,PL,1
11/16/17,HM,1
11/16/17,PL,1
11/16/17,PL,1
11/16/17,NT,1
11/16/17,NT,4
11/16/17,CI,3
11/16/17,XC,1
11/16/17,NT,1
11/16/17,PL,1
11/16/17,PL,1
11/16/17,XC,2
11/16/17,CI,5
11/16/17,HM,2
11/16/17,XC,2
11/16/17,XC,1
11/16/17,CI,1
11/16/17,NT,1
11/16/17,TC,1
11/16/17,MT,1
11/16/17,CI,1
11/16/17,HM,1
11/16/17,CI,1
11/16/17,XC,7
11/16/17,CI,1
11/16/17,TC,1
11/16/17,CI,1
11/16/17,MT,1
11/16/17,NT,2
11/16/17,RM,1
11/16/17,NT,1
11/16/17,CI,1
11/16/17,XC,6
11/16/17,CT,1
11/16/17,PL,1
11/16/17,XC,1
11/16/17,XC,6
11/16/17,XC,6
11/16/17,PL,1
11/16/17,NT,1
11/16/17,XC,6
11/16/17,CI,1
11/16/17,TC,1
11/16/17,TC,1
11/16/17,CI,1
11/16/17,CK,2
11/16/17,HM,1
11/16/17,CH,1
11/16/17,CK,1
11/16/17,CK,1
11/16/17,TC,1
11/16/17,XC,1
11/16/17,VL,2
11/16/17,MT,1
11/16/17,TC,1
11/16/17,XC,1
11/16/17,XC,2
11/16/17,TC,2
11/16/17,XC,1
11/16/17,NT,1
11/16/17,XC,2
11/16/17,TC,1
11/16/17,TC,1
11/16/17,RM,1
11/16/17,NT,1
11/16/17,CK,1
11/16/17,PL,1
11/16/17,MT,1
11/16/17,XC,1
11/16/17,CI,1
11/16/17,CI,1
11/16/17,XC,1
11/16/17,CI,1
11/16/17,CI,1
11/16/17,RM,1
11/16/17,MT,1
11/16/17,CI,1
11/16/17,PL,1
11/16/17,CK,1
11/16/17,VL,1
11/16/17,TC,1
11/16/17,XC,1
11/16/17,CI,1
11/16/17,PL,1
11/16/17,XC,1
11/16/17,TC,2
11/16/17,MT,1
11/16/17,RM,1
11/16/17,CK,1
11/16/17,TC,1
11/16/17,RM,1
11/16/17,CK,1
11/16/17,HM,1
11/16/17,TC,1
11/16/17,PL,1
11/16/17,XC,1
11/16/17,HM,1
11/16/17,VL,1
11/16/17,MT,1
11/16/17,RM,1
11/16/17,HM,1
11/16/17,VL,1
11/16/17,MT,1
11/16/17,RM,1
11/16/17,HM,1
11/16/17,XC,1
11/16/17,CT,1
11/16/17,TC,1
11/16/17,RM,1
11/16/17,NT,1
11/16/17,XC,2
11/15/17,XC,1
11/15/17,CK,1
11/15/17,XC,1
11/14/17,CK,1
11/14/17,NT,1
11/14/17,XC,3
11/14/17,CI,1
11/14/17,XC,1
11/14/17,CI,1
11/14/17,PL,1
11/14/17,PL,1
11/14/17,NT,1
11/14/17,CI,1
11/14/17,NT,1
11/14/17,NT,1
11/14/17,CK,1
11/14/17,CI,1
11/13/17,VL,1
11/13/17,NT,1
11/13/17,XC,1
11/13/17,NT,2
11/13/17,CI,1
11/13/17,CK,2
11/13/17,NT,1
11/10/17,CK,1
11/10/17,CI,4
11/10/17,XC,1
11/10/17,VL,1
11/10/17,XC,3
11/10/17,CK,1
11/10/17,VL,1
11/9/17,XC,2
11/9/17,CI,2
11/8/17,CK,1
11/8/17,XC,1
11/8/17,CK,1
11/8/17,CI,1
11/8/17,XC,1
11/8/17,CK,1
11/7/17,CI,1
11/7/17,CI,1
11/7/17,CI,1
11/7/17,XC,1
11/7/17,PL,1
11/7/17,XC,1
11/7/17,MT,1
11/3/17,PL,1
11/3/17,PL,1
11/3/17,CT,4
11/3/17,CK,1
11/3/17,PL,1
11/3/17,CK,1
11/2/17,CK,1
11/2/17,PL,1
11/2/17,CK,1
11/2/17,XC,1
11/2/17,PL,1
11/2/17,MT,2
11/2/17,PL,1
11/2/17,XC,1
11/1/17,XC,1
11/1/17,HM,2
11/1/17,MT,1
11/1/17,CK,1
11/1/17,PL,1
11/1/17,CK,1
11/1/17,XC,2
11/1/17,CK,2
11/1/17,PL,1
11/1/17,MT,1
11/1/17,XC,1
11/1/17,MT,1
11/1/17,CI,3
11/1/17,XC,1
11/1/17,CI,1
11/1/17,CK,1
11/1/17,CI,1
11/1/17,CI,2
11/1/17,VL,1
11/1/17,CK,1
11/1/17,CI,2
11/1/17,PL,1
11/1/17,XC,1
11/1/17,TC,1
11/1/17,CK,1
11/1/17,CK,1
10/31/17,XC,1
10/31/17,NT,1
10/31/17,NT,1
10/31/17,XC,1
10/31/17,CK,1
10/31/17,MT,1
10/31/17,NT,1
10/31/17,TC,1
10/31/17,TC,1
10/31/17,XC,1
10/31/17,TC,1
10/31/17,XC,1
10/31/17,CK,1
10/31/17,MT,1
10/31/17,CT,1
10/31/17,CK,2
10/31/17,MT,1
10/30/17,CI,1
10/30/17,XC,1
10/30/17,CK,1
10/30/17,CI,1
10/30/17,CT,1
10/30/17,CI,1
10/30/17,CK,1
10/30/17,MT,1
10/30/17,MT,1
10/30/17,VL,1
10/30/17,CI,1
10/30/17,CK,1
10/30/17,MT,1
10/30/17,CI,1
10/30/17,MT,1
10/30/17,CK,1
10/30/17,XC,1
10/30/17,XC,1
10/30/17,CK,1
10/30/17,CI,1
10/30/17,CI,1
10/30/17,XC,1
10/30/17,MT,1
10/30/17,CI,1
10/30/17,CK,1
10/30/17,CI,1
10/30/17,CK,1
10/30/17,CT,2
10/30/17,CK,3
10/27/17,XC,1
10/27/17,MT,1
10/27/17,XC,2
10/27/17,CK,1
10/23/17,CK,1
10/23/17,CK,1
10/23/17,XC,1
10/23/17,TC,1
10/23/17,XC,1
10/23/17,TC,1
10/23/17,TC,1
10/23/17,CK,1
10/23/17,TC,1
10/23/17,XC,1
10/23/17,CK,1
10/23/17,CK,1
10/20/17,VL,1
10/20/17,XC,1
10/20/17,TC,1
10/20/17,CK,1
10/20/17,NT,1
10/20/17,TC,1
10/20/17,TC,1
10/20/17,CK,1
10/20/17,NT,1
10/20/17,XC,1
10/20/17,MT,1
10/20/17,VL,1
10/20/17,NT,1
10/20/17,NT,1
10/20/17,NT,1
10/20/17,VL,1
10/20/17,XC,1
10/20/17,NT,1
10/19/17,CT,1
10/19/17,CK,1
10/19/17,XC,2
10/19/17,NT,2
10/19/17,NT,2
10/19/17,TC,1
10/19/17,CI,1
10/19/17,CK,2
10/19/17,XC,1
10/19/17,CI,1
10/19/17,CK,2
10/19/17,XC,1
10/19/17,MT,1
10/19/17,VL,1
10/19/17,CK,1
10/19/17,CK,1
10/19/17,RM,1
10/19/17,VL,2
10/19/17,CT,2
10/19/17,CK,1
10/19/17,HM,2
10/19/17,CH,2
10/19/17,MT,2
10/19/17,CI,1
10/19/17,VL,1
10/19/17,MT,2
10/19/17,RM,1
10/19/17,CK,1
10/19/17,CH,1
10/19/17,MT,1
10/19/17,HM,1
10/18/17,HM,2
10/18/17,RM,1
10/18/17,TC,1
10/18/17,TC,1
10/18/17,XC,1
10/18/17,MT,1
10/18/17,RM,1
10/18/17,RM,2
10/18/17,RM,1
10/18/17,CI,1
10/18/17,XC,1
10/18/17,HM,1
10/18/17,CI,2
10/18/17,HM,2
10/18/17,XC,2
10/17/17,TC,1
10/17/17,CI,1
10/17/17,CI,1
10/17/17,TC,2
10/17/17,XC,2
10/17/17,HM,1
10/17/17,CI,1
10/17/17,HM,1
10/17/17,HM,1
10/17/17,CI,1
10/17/17,CI,1
10/17/17,CI,1
10/17/17,XC,1
10/16/17,MT,1
10/16/17,CT,1
10/16/17,PL,1
10/16/17,CI,1
10/16/17,XC,1
10/16/17,CK,1
10/16/17,CK,2
10/16/17,NT,1
10/16/17,MT,1
10/16/17,PL,1
10/16/17,CI,1
10/15/17,TC,1
10/15/17,PL,1
10/15/17,TC,1
10/15/17,XC,1
10/15/17,VL,1
10/15/17,PL,1
10/15/17,PL,1
10/15/17,XC,1
10/15/17,MT,1
10/15/17,XC,1
10/15/17,XC,1
10/15/17,XC,1
10/15/17,TC,1
10/15/17,NT,1
10/15/17,NT,2
10/15/17,PL,1
10/15/17,HM,1
10/15/17,PL,1
10/15/17,CI,1
10/15/17,CI,1
10/15/17,XC,1
10/15/17,HM,1
10/15/17,CI,1
10/15/17,MT,1
10/15/17,CI,2
10/15/17,PL,1
10/15/17,CI,1
10/15/17,TC,1
10/15/17,XC,1
10/15/17,CI,2
10/15/17,TC,2
10/15/17,TC,1
10/15/17,CI,1
10/15/17,CI,1
10/15/17,TC,1
10/15/17,TC,1
10/15/17,CI,1
10/15/17,PL,1
10/15/17,XC,1
10/15/17,CI,1
10/15/17,XC,1
10/15/17,PL,1
10/15/17,TC,1
10/15/17,XC,1
10/15/17,MT,1
10/15/17,HM,1
10/15/17,NT,1
10/15/17,NT,1
10/15/17,PL,1
10/15/17,CK,1
10/15/17,MT,1
10/15/17,VL,1
10/15/17,HM,1
10/15/17,PL,1
10/15/17,NT,1
10/15/17,XC,1
10/15/17,VL,1
10/15/17,HM,1
10/15/17,NT,1
10/15/17,VL,1
10/15/17,XC,1
10/15/17,HM,1
10/15/17,CK,1
10/15/17,CK,1
10/15/17,XC,1
10/15/17,HM,1
10/15/17,HM,1
10/15/17,VL,1
10/15/17,HM,1
10/15/17,CK,1
10/15/17,MT,1
10/15/17,VL,1
10/15/17,NT,2
10/15/17,CK,2
10/15/17,XC,2
10/15/17,MT,1
10/15/17,HM,1
10/15/17,NT,1
10/15/17,CK,1
10/15/17,VL,1
10/15/17,XC,1
10/15/17,CT,1
10/15/17,CK,1
10/15/17,CK,1
10/15/17,VL,1
10/15/17,NT,1
10/15/17,CK,1
10/15/17,XC,1
10/15/17,NT,1
10/15/17,CK,3
10/15/17,VL,1
10/15/17,NT,1
10/15/17,PL,1
10/15/17,NT,1
10/15/17,CT,1
10/15/17,CK,1
10/15/17,VL,1
10/15/17,NT,1
10/15/17,CK,1
10/15/17,PL,1
10/15/17,MT,1
10/15/17,NT,1
10/15/17,VL,1
10/15/17,PL,1
10/15/17,NT,1
10/15/17,CK,1
10/15/17,CI,1
10/15/17,CK,2
10/15/17,PL,2
10/15/17,VL,1
10/15/17,MT,1
10/15/17,PL,1
10/15/17,XC,2
10/15/17,CI,3
10/15/17,CK,1
10/15/17,XC,1
10/15/17,CT,1
10/15/17,MT,1
10/15/17,TC,1
10/15/17,CK,2
10/15/17,XC,4
10/15/17,PL,1
10/15/17,CK,3
10/15/17,CT,2
10/15/17,PL,2
10/15/17,PL,1
10/15/17,TC,1
10/15/17,TC,1
10/15/17,XC,1
10/15/17,PL,1
10/15/17,PL,1
10/15/17,XC,1
10/15/17,TC,1
10/15/17,TC,1
10/15/17,XC,1
10/15/17,PL,1
10/15/17,TC,1
10/15/17,XC,1
10/15/17,TC,1
10/15/17,XC,1
10/13/17,PL,2
10/13/17,PL,1
10/13/17,CK,1
10/13/17,CT,1
10/13/17,PL,1
10/13/17,CI,1
10/13/17,CK,1
10/13/17,NT,2
10/13/17,PL,1
10/13/17,NT,1
10/13/17,MT,1
10/13/17,XC,1
10/12/17,CK,5
10/12/17,NT,14
10/12/17,HM,7
10/12/17,MT,3
10/12/17,TC,2
10/12/17,XC,6
10/11/17,XC,1
10/11/17,TC,2
10/11/17,HM,1
10/11/17,NT,2
10/10/17,CK,1
10/10/17,MT,2
10/10/17,TC,1
10/10/17,XC,3
10/10/17,CK,1
10/10/17,HM,3
10/10/17,XC,1
10/10/17,CK,1
10/10/17,XC,1
10/10/17,MT,1
10/10/17,XC,1
10/10/17,MT,1
10/10/17,MT,2
10/10/17,XC,1
10/10/17,VL,1
10/9/17,XC,1
10/9/17,HM,1
10/9/17,XC,1
10/9/17,TC,1
10/9/17,CK,1
10/9/17,XC,1
10/9/17,CK,1
10/9/17,XC,1
10/9/17,XC,2
10/9/17,XC,2
10/9/17,CK,1
10/8/17,XC,2
10/8/17,VL,1
10/8/17,CI,2
10/8/17,XC,1
10/8/17,XC,2
10/8/17,CI,1
10/8/17,TC,1
10/8/17,NT,1
10/8/17,NT,2
10/8/17,MT,1
10/8/17,VL,1
10/8/17,XC,2
10/8/17,TC,2
10/8/17,NT,2
10/8/17,VL,1
10/8/17,XC,1
10/8/17,XC,1
10/8/17,TC,1
10/8/17,RM,3
10/8/17,VL,2
10/8/17,TC,1
10/8/17,RM,1
10/8/17,MT,1
10/8/17,NT,1
10/8/17,NT,1
10/8/17,XC,1
10/8/17,CK,1
10/8/17,HM,1
10/8/17,MT,1
10/8/17,CK,2
10/8/17,HM,1
10/8/17,XC,1
10/8/17,CK,1
10/8/17,CK,1
10/8/17,CK,1
10/8/17,VL,1
10/8/17,CK,2
10/8/17,XC,1
10/8/17,XC,1
10/8/17,NT,2
10/8/17,TC,2
10/8/17,HM,2
10/8/17,VL,1
10/8/17,MT,1
10/8/17,XC,1
10/8/17,HM,1
10/8/17,VL,2
10/8/17,HM,1
10/8/17,XC,2
10/8/17,MT,1
10/8/17,CK,1
10/8/17,NT,1
10/8/17,XC,1
10/8/17,HM,1
10/8/17,MT,1
10/8/17,HM,1
10/8/17,XC,1
10/8/17,HM,1
10/8/17,VL,1
10/8/17,XC,1
10/8/17,XC,2
10/8/17,VL,1
10/8/17,CK,1
10/8/17,PL,1
10/8/17,XC,1
10/8/17,PL,1
10/8/17,CK,1
10/8/17,TC,1
10/8/17,CK,1
10/8/17,TC,1
10/8/17,CK,1
10/8/17,CK,1
10/8/17,PL,1
10/8/17,NT,1
10/8/17,PL,1
10/8/17,PL,1
10/8/17,NT,1
10/8/17,XC,1
10/8/17,CK,1
10/8/17,XC,1
10/8/17,VL,1
10/8/17,CK,2
10/8/17,NT,1
10/8/17,XC,2
10/8/17,VL,1
10/8/17,CK,1
10/8/17,CK,1
10/8/17,TC,1
10/8/17,VL,1
10/8/17,TC,1
10/8/17,TC,1
10/8/17,NT,1
10/8/17,XC,1
10/8/17,CK,1
10/8/17,CK,1
10/8/17,MT,1
10/8/17,XC,1
10/8/17,TC,1
10/8/17,CK,1
10/8/17,XC,1
10/8/17,NT,1
10/8/17,XC,1
10/8/17,NT,1
10/8/17,XC,1
10/8/17,NT,1
10/8/17,NT,1
10/8/17,XC,1
10/8/17,TC,2
10/8/17,NT,2
10/8/17,MT,1
10/8/17,XC,1
10/8/17,PL,1
10/8/17,MT,1
10/8/17,PL,1
10/8/17,TC,1
10/8/17,PL,1
10/8/17,TC,2
10/8/17,PL,2
10/8/17,MT,1
10/8/17,RM,1
10/8/17,RM,1
10/8/17,RM,1
10/8/17,CT,1
10/8/17,XC,1
10/8/17,HM,1
10/8/17,RM,2
10/8/17,MT,1
10/8/17,CT,1
10/8/17,CI,1
10/8/17,HM,1
10/8/17,NT,1
10/8/17,PL,1
10/8/17,XC,1
10/8/17,HM,1
10/8/17,CI,1
10/8/17,CI,1
10/8/17,CI,1
10/8/17,CT,1
10/8/17,CI,1
10/8/17,CT,2
10/8/17,TC,2
10/8/17,PL,1
10/8/17,XC,1
10/8/17,NT,1
10/8/17,CI,1
10/8/17,XC,1
10/8/17,NT,1
10/8/17,CK,1
10/8/17,TC,1
10/8/17,CK,1
10/8/17,NT,1
10/8/17,XC,1
10/8/17,NT,1
10/8/17,TC,1
10/8/17,CT,1
10/8/17,CK,1
10/8/17,RM,1
10/8/17,RM,1
10/8/17,PL,1
10/8/17,RM,1
10/8/17,NT,1
10/8/17,HM,1
10/8/17,TC,1
10/8/17,TC,1
10/8/17,TC,1
10/8/17,TC,1
10/8/17,XC,1
10/8/17,CK,1
10/8/17,TC,2
10/8/17,NT,2
10/8/17,CK,1
10/8/17,NT,1
10/8/17,TC,1
10/8/17,PL,1
10/8/17,CK,1
10/8/17,CK,1
10/8/17,XC,1
10/8/17,TC,2
10/8/17,NT,1
10/8/17,PL,1
10/8/17,NT,1
10/8/17,PL,1
10/8/17,TC,1
10/8/17,TC,1
10/8/17,XC,2
10/8/17,TC,1
10/8/17,TC,1
10/6/17,CK,1
10/6/17,MT,1
10/6/17,TC,1
10/6/17,TC,1
10/6/17,CK,1
10/6/17,TC,1
10/6/17,TC,1
10/2/17,HM,2
10/2/17,XC,2
10/2/17,TC,1
10/2/17,CI,2
10/2/17,CK,1
10/2/17,PL,1
10/2/17,CT,2
10/2/17,NT,1
10/1/17,CH,1
10/1/17,CK,4
10/1/17,CK,1
10/1/17,NT,1
10/1/17,CK,1
10/1/17,XC,1
10/1/17,HM,1
10/1/17,TC,1
10/1/17,CK,1
10/1/17,XC,3
10/1/17,CK,2
10/1/17,HM,1
10/1/17,TC,1
10/1/17,HM,1
10/1/17,XC,2
10/1/17,HM,1
10/1/17,CK,1
10/1/17,TC,2
10/1/17,TC,2
10/1/17,CK,1
10/1/17,XC,1
10/1/17,TC,1
10/1/17,PL,1
10/1/17,CK,1
10/1/17,XC,2
10/1/17,NT,2
10/1/17,CK,2
10/1/17,XC,3
10/1/17,NT,2
10/1/17,PL,2
10/1/17,XC,2
10/1/17,XC,1
10/1/17,CT,1
10/1/17,CK,3
10/1/17,PL,2
10/1/17,CI,2
10/1/17,PL,2
10/1/17,CT,1
10/1/17,CK,1
10/1/17,HM,1
10/1/17,CK,1
10/1/17,XC,1
10/1/17,CI,1
10/1/17,CI,1
10/1/17,XC,1
10/1/17,CT,1
10/1/17,TC,1
10/1/17,NT,1
10/1/17,CK,1
10/1/17,PL,1
10/1/17,CI,1
10/1/17,TC,2
10/1/17,HM,1
10/1/17,XC,1
10/1/17,PL,1
10/1/17,TC,1
10/1/17,HM,1
10/1/17,XC,2
10/1/17,PL,2
10/1/17,XC,1
10/1/17,PL,1
10/1/17,XC,2
10/1/17,CT,1
10/1/17,HM,1
10/1/17,TC,1
10/1/17,XC,3
10/1/17,NT,3
10/1/17,PL,1
10/1/17,TC,1
10/1/17,NT,1
10/1/17,NT,1
10/1/17,MT,1
10/1/17,TC,1
10/1/17,TC,2
10/1/17,NT,3
10/1/17,MT,1
10/1/17,TC,1
10/1/17,XC,1
10/1/17,NT,3
10/1/17,XC,1
10/1/17,MT,2
10/1/17,XC,2
10/1/17,PL,2
10/1/17,TC,2
10/1/17,MT,2
10/1/17,XC,1
10/1/17,TC,1
10/1/17,PL,1
10/1/17,NT,1
10/1/17,PL,1
10/1/17,MT,1
10/1/17,XC,1
10/1/17,TC,1
10/1/17,PL,1
10/1/17,PL,2
9/22/17,CK,1
9/22/17,CI,1
9/22/17,XC,1
9/22/17,MT,1
9/22/17,CI,2
9/22/17,CK,1
9/22/17,MT,1
9/22/17,NT,4
9/22/17,CK,4
9/22/17,HM,4
9/22/17,NT,2
9/21/17,NT,1
9/21/17,CK,1
9/21/17,CI,1
9/21/17,NT,1
9/21/17,TC,1
9/21/17,CK,1
9/21/17,TC,1
9/21/17,MT,1
9/21/17,XC,1
9/21/17,TC,1
9/21/17,CK,1
9/21/17,CK,1
9/21/17,CI,1
9/21/17,TC,1
9/20/17,VL,1
9/20/17,CK,1
9/20/17,CK,1
9/20/17,CK,1
9/20/17,TC,1
9/20/17,TC,3
9/20/17,XC,2
9/20/17,XC,2
9/20/17,CK,2
9/20/17,PL,2
9/20/17,TC,2
9/20/17,HM,2
9/20/17,XC,2
9/20/17,CK,1
9/20/17,VL,1
9/20/17,TC,1
9/19/17,NT,1
9/19/17,TC,1
9/19/17,NT,1
9/19/17,NT,1
9/19/17,NT,1
9/19/17,CK,1
9/19/17,PL,1
9/17/17,XC,1
9/17/17,NT,2
9/17/17,VL,1
9/17/17,VL,1
9/17/17,MT,1
9/17/17,XC,2
9/17/17,MT,1
9/17/17,MT,1
9/17/17,NT,1
9/17/17,CI,1
9/17/17,TC,1
9/17/17,CI,1
9/17/17,XC,1
9/17/17,MT,1
9/17/17,NT,2
9/17/17,CI,1
9/17/17,PL,1
9/17/17,XC,1
9/17/17,CI,1
9/17/17,PL,1
9/17/17,TC,1
9/17/17,PL,1
9/17/17,XC,1
9/17/17,CK,1
9/17/17,CI,1
9/17/17,CI,1
9/17/17,VL,1
9/17/17,XC,1
9/17/17,CI,1
9/17/17,CI,1
9/17/17,PL,1
9/17/17,CI,1
9/17/17,CK,1
9/17/17,TC,1
9/17/17,CK,1
9/17/17,PL,3
9/17/17,TC,1
9/17/17,CK,1
9/17/17,TC,1
9/17/17,TC,1
9/17/17,CK,1
9/17/17,TC,1
9/17/17,VL,1
9/17/17,CK,1
9/17/17,NT,1
9/17/17,PL,1
9/17/17,CK,1
9/17/17,NT,1
9/17/17,PL,1
9/17/17,PL,1
9/17/17,NT,2
9/17/17,PL,1
9/17/17,CK,1
9/17/17,MT,1
9/17/17,PL,1
9/17/17,XC,1
9/17/17,MT,1
9/17/17,CI,1
9/17/17,CK,3
9/17/17,CK,2
9/17/17,CI,1
9/17/17,XC,1
9/17/17,CK,1
9/17/17,MT,1
9/17/17,TC,1
9/17/17,CK,1
9/17/17,CI,2
9/17/17,RM,1
9/17/17,MT,1
9/17/17,VL,2
9/17/17,TC,1
9/17/17,TC,1
9/17/17,CI,1
9/17/17,XC,1
9/17/17,XC,1
9/17/17,MT,1
9/17/17,CI,1
9/17/17,TC,1
9/17/17,PL,1
9/17/17,XC,1
9/17/17,NT,2
9/17/17,MT,1
9/17/17,CI,1
9/17/17,XC,1
9/17/17,NT,1
9/17/17,CI,1
9/17/17,NT,2
9/17/17,TC,1
9/17/17,CK,1
9/17/17,MT,1
9/17/17,NT,1
9/17/17,XC,2
9/17/17,NT,1
9/17/17,MT,1
9/17/17,CK,2
9/17/17,TC,1
9/17/17,CK,1
9/17/17,XC,1
9/17/17,CK,1
9/17/17,XC,1
9/17/17,TC,2
9/17/17,CK,1
9/17/17,XC,1
9/17/17,PL,1
9/17/17,MT,1
9/17/17,TC,2
9/17/17,XC,1
9/17/17,PL,1
9/17/17,CK,1
9/17/17,MT,1
9/17/17,XC,1
9/17/17,XC,1
9/17/17,XC,1
9/17/17,PL,1
9/17/17,NT,1
9/17/17,TC,2
9/17/17,TC,2
9/17/17,XC,1
9/17/17,TC,1
9/17/17,XC,1
9/17/17,PL,1
9/17/17,TC,1
9/17/17,CK,1
9/17/17,XC,1
9/17/17,TC,1
9/17/17,TC,1
9/17/17,TC,1
9/17/17,TC,2
9/17/17,XC,2
9/17/17,XC,1
9/17/17,TC,1
9/13/17,MT,1
9/13/17,MT,2
9/13/17,MT,1
9/13/17,MT,1
9/13/17,XC,1
9/13/17,XC,1
9/13/17,TC,1
9/13/17,PL,2
9/13/17,PL,1
9/13/17,TC,2
9/13/17,XC,1
9/13/17,TC,3
9/13/17,CK,1
9/13/17,PL,1
9/13/17,NT,1
9/13/17,CK,2
9/13/17,NT,1
9/13/17,PL,1
9/13/17,NT,1
9/13/17,MT,1
9/13/17,NT,1
9/13/17,CK,1
9/13/17,TC,2
9/13/17,PL,1
9/13/17,CI,1
9/13/17,PL,1
9/13/17,XC,2
9/13/17,CK,2
9/13/17,CI,1
9/13/17,NT,2
9/13/17,XC,1
9/13/17,NT,1
9/13/17,PL,2
9/13/17,CK,1
9/13/17,XC,2
9/13/17,CI,1
9/13/17,TC,1
9/13/17,MT,1
9/13/17,CI,1
9/13/17,XC,1
9/13/17,PL,1
9/13/17,CK,1
9/13/17,CI,3
9/13/17,NT,1
9/13/17,CK,2
9/13/17,TC,1
9/13/17,XC,1
9/13/17,MT,1
9/13/17,NT,1
9/13/17,CI,2
9/13/17,NT,2
9/13/17,CK,2
9/13/17,PL,1
9/13/17,MT,1
9/13/17,XC,1
9/13/17,XC,4
9/13/17,NT,1
9/13/17,CK,1
9/13/17,XC,1
9/13/17,CK,1
9/13/17,TC,1
9/13/17,PL,1
9/13/17,CI,1
9/13/17,TC,1
9/13/17,NT,1
9/13/17,TC,1
9/13/17,XC,3
9/13/17,NT,1
9/13/17,PL,1
9/13/17,PL,1
9/13/17,CK,1
9/13/17,NT,1
9/13/17,CI,1
9/13/17,PL,1
9/13/17,CK,1
9/13/17,TC,1
9/13/17,PL,1
9/13/17,TC,2
9/13/17,TC,1
9/13/17,CI,1
9/13/17,XC,1
9/13/17,TC,1
9/13/17,CK,1
9/13/17,XC,1
9/13/17,PL,1
9/13/17,TC,1
9/9/17,XC,8
9/9/17,CK,9
9/9/17,MT,1
9/9/17,CK,2
9/9/17,MT,2
9/9/17,CK,4
9/9/17,CK,2
9/9/17,CK,1
9/9/17,PL,1
9/9/17,CK,1
9/9/17,CK,2
9/9/17,CK,1
9/9/17,CK,1
9/9/17,CK,1
9/9/17,CK,1
9/9/17,CK,1
9/9/17,MT,1
9/9/17,PL,1
9/9/17,TC,1
9/9/17,RM,1
9/9/17,RM,1
9/9/17,XC,1
9/9/17,MT,2
9/9/17,PL,1
9/9/17,TC,1
9/9/17,RM,1
9/9/17,XC,1
9/9/17,RM,2
9/9/17,MT,1
9/9/17,PL,1
9/9/17,PL,2
9/9/17,TC,1
9/9/17,XC,2
9/9/17,RM,1
9/9/17,TC,1
9/9/17,PL,1
9/9/17,TC,1
9/9/17,PL,1
9/9/17,TC,1
9/9/17,RM,1
9/9/17,RM,1
9/9/17,XC,1
9/9/17,PL,4
9/9/17,TC,3
9/9/17,PL,1
9/9/17,TC,2
9/9/17,TC,1
9/9/17,PL,1
7/4/17,CK,1
7/4/17,CI,1
7/4/17,TC,8
7/4/17,VL,1
7/4/17,NT,1
7/4/17,VL,2
7/4/17,XC,1
7/4/17,XC,1
7/4/17,MT,1
7/4/17,XC,1
7/4/17,VL,1
7/4/17,TC,1
7/4/17,CI,1
7/4/17,XC,1
7/4/17,CT,1
5/5/18,CK,1
5/5/18,TC,1
5/5/18,TC,1
5/5/18,XC,1
5/5/18,TC,1
5/5/18,PT,1
5/5/18,PT,1
5/5/18,RM,1
5/5/18,PT,1
5/5/18,TC,1
5/5/18,CJ,1
5/5/18,TC,1
5/5/18,NT,1
5/5/18,XC,1
5/5/18,NT,1
5/5/18,HM,1
5/5/18,HM,1
5/5/18,PL,1
5/5/18,HM,1
5/5/18,TC,1
5/5/18,PL,1
5/5/18,TC,1
5/5/18,NT,1
5/5/18,TC,1
5/5/18,TC,2
5/5/18,CH,1
5/5/18,NT,1
5/5/18,RM,1
5/5/18,XC,1
5/5/18,XC,1
5/5/18,TC,1
5/5/18,HM,1
5/5/18,TC,1
5/5/18,PL,1
5/5/18,TC,1
5/5/18,TC,1
5/5/18,TC,3
5/5/18,PL,1
5/5/18,XC,1
5/5/18,CK,1
5/5/18,CJ,1
5/5/18,PT,1
5/5/18,PT,1
5/5/18,NT,1
5/5/18,TC,2
5/5/18,NT,1
5/5/18,TC,1
5/5/18,TC,1
5/5/18,VL,1
5/5/18,XC,1
5/4/18,CI,1
5/4/18,CJ,1
5/4/18,NT,2
5/4/18,CK,2
5/3/18,XC,1
5/3/18,NT,1
5/3/18,NT,1
5/3/18,CJ,2
5/3/18,CK,1
5/3/18,HM,1
5/3/18,CK,1
5/3/18,NT,1
5/3/18,CI,1
5/3/18,HM,1
5/3/18,HM,1
5/3/18,HM,1
5/3/18,XC,1
5/3/18,PT,1
5/3/18,HM,1
5/3/18,CI,1
5/3/18,XC,1
5/2/18,CI,1
5/2/18,XC,2
5/2/18,CK,1
5/2/18,MT,1
5/2/18,CK,1
5/2/18,HM,1
5/2/18,HM,1
5/2/18,HM,1
5/2/18,CK,1
5/2/18,PT,1
5/2/18,MT,1
5/2/18,XC,1
5/2/18,CK,1
5/2/18,NT,1
5/2/18,NT,1
4/28/18,XC,1
4/28/18,VL,1
4/28/18,NT,1
4/28/18,CJ,1
4/28/18,NT,1
4/28/18,CJ,1
4/28/18,NT,1
4/28/18,XC,1
4/28/18,CJ,1
4/28/18,CJ,1
4/28/18,CJ,1
4/27/18,MT,1
4/27/18,XC,1
4/27/18,NT,1
4/27/18,MT,1
4/27/18,TC,1
4/27/18,NT,1
4/27/18,TC,1
4/27/18,CH,1
4/27/18,CK,1
4/27/18,RC,1
4/27/18,NT,1
4/27/18,CK,1
4/27/18,TC,1
4/27/18,XC,1
4/27/18,CJ,1
4/27/18,CJ,1
4/27/18,MC,1
4/27/18,CH,1
4/26/18,CK,1
4/26/18,HM,1
4/26/18,CK,1
4/26/18,HM,2
4/26/18,CK,1
4/26/18,XC,1
4/26/18,HM,1
4/26/18,XC,1
4/26/18,VL,2
4/26/18,XC,1
4/26/18,CJ,1
4/26/18,TC,2
4/26/18,TC,1
4/26/18,XC,2
4/26/18,CK,1
4/26/18,XC,1
4/26/18,TC,1
4/26/18,RC,1
4/26/18,TC,1
4/26/18,CJ,1
4/25/18,XC,1
4/25/18,XC,1
4/25/18,XC,1
4/25/18,RC,1
4/25/18,NT,1
4/25/18,CJ,1
4/25/18,XC,1
4/25/18,NT,1
4/25/18,RC,1
4/25/18,NT,1
4/25/18,CK,1
4/25/18,CK,1
4/25/18,CI,1
4/25/18,RC,1
4/25/18,XC,1
4/25/18,NT,1
4/25/18,CK,1
4/25/18,VL,1
4/25/18,NT,1
4/25/18,MC,1
4/25/18,VL,1
4/25/18,HM,1
4/25/18,CI,1
4/25/18,NT,2
4/24/18,NT,1
4/24/18,XC,2
4/24/18,CK,1
4/24/18,TC,1
4/24/18,XC,1
4/24/18,CK,1
4/24/18,HM,1
4/24/18,CK,1
4/24/18,TC,1
4/24/18,CK,1
4/24/18,CI,1
4/24/18,CK,1
4/24/18,XC,2
4/24/18,NT,1
4/24/18,XC,2
4/24/18,XC,4
4/22/18,CJ,4
4/22/18,PT,1
4/22/18,NT,1
4/22/18,XC,1
4/22/18,RC,1
4/22/18,MT,1
4/22/18,NT,1
4/22/18,XC,1
4/22/18,HM,1
4/22/18,NT,1
4/22/18,CJ,2
4/22/18,RC,1
4/22/18,XC,1
4/22/18,PT,2
4/22/18,PT,1
4/22/18,VL,1
4/22/18,HM,1
4/22/18,CI,1
4/22/18,VL,1
4/22/18,VL,1
4/22/18,XC,1
4/22/18,HM,1
4/22/18,XC,1
4/22/18,RC,1
4/22/18,XC,1
4/22/18,HM,1
4/22/18,XC,1
4/22/18,XC,1
4/22/18,HM,1
4/22/18,RC,1
4/22/18,CI,1
4/22/18,NT,1
4/22/18,PT,1
4/22/18,XC,1
4/22/18,CI,1
4/22/18,PL,1
4/22/18,NT,1
4/22/18,XC,1
4/22/18,CI,1
4/22/18,NT,1
4/22/18,PL,1
4/22/18,PL,1
4/22/18,RC,1
4/22/18,XC,1
4/22/18,XC,1
4/22/18,CJ,1
4/22/18,VL,1
4/22/18,PT,1
4/22/18,NT,1
4/22/18,CK,1
4/22/18,RC,2
4/22/18,CJ,1
4/22/18,PL,1
4/22/18,NT,1
4/22/18,RC,1
4/22/18,NT,1
4/22/18,CK,1
4/22/18,CK,2
4/22/18,CK,1
4/22/18,NT,1
4/22/18,CK,1
4/22/18,XC,1
4/21/18,NT,1
4/21/18,CK,1
4/21/18,NT,1
4/21/18,CK,1
4/21/18,TC,1
4/21/18,PT,1
4/21/18,CK,1
4/21/18,NT,2
4/20/18,CJ,1
4/20/18,PT,1
4/20/18,XC,1
4/20/18,HM,1
4/20/18,NT,1
4/20/18,CJ,1
4/20/18,CJ,1
4/20/18,TC,2
4/20/18,CJ,1
4/20/18,NT,1
4/20/18,CJ,2
4/20/18,TC,1
4/20/18,XC,1
4/20/18,MC,1
4/19/18,RC,1
4/19/18,CH,1
4/19/18,XC,2
4/19/18,CK,2
4/19/18,XC,1
4/19/18,NT,1
4/19/18,NT,1
4/19/18,NT,1
4/19/18,CK,1
4/19/18,CJ,1
4/19/18,CI,1
4/19/18,RC,1
4/19/18,RC,1
4/19/18,CI,1
4/19/18,NT,1
4/19/18,CI,1
4/19/18,NT,1
4/19/18,NT,1
4/19/18,RC,1
4/19/18,RC,1
4/19/18,CI,1
4/19/18,NT,1
4/19/18,MC,1
4/19/18,HM,1
4/18/18,HM,1
4/18/18,MC,1
4/18/18,MC,1
4/18/18,CI,1
4/18/18,CK,1
4/18/18,XC,1
4/18/18,RC,1
4/18/18,XC,1
4/18/18,NT,1
4/18/18,RC,1
4/18/18,CK,3
4/18/18,CK,1
4/18/18,NT,1
4/17/18,VL,2
4/17/18,RC,1
4/17/18,MC,1
4/17/18,VL,1
4/17/18,HM,1
4/17/18,CJ,1
4/17/18,RC,1
4/17/18,XC,1
4/17/18,HM,1
4/17/18,CI,1
4/17/18,RC,1
4/17/18,CJ,1
4/17/18,RC,1
4/17/18,CI,3
4/17/18,RC,1
4/17/18,RC,1
4/17/18,NT,1
4/17/18,XC,1
4/17/18,RC,1
4/17/18,MC,1
4/17/18,CI,1
4/17/18,NT,1
4/17/18,RC,1
4/17/18,MC,1
4/17/18,NT,1
4/17/18,NT,1
4/17/18,XC,1
4/17/18,NT,1
4/16/18,XC,1
4/16/18,VL,1
4/16/18,RC,1
4/16/18,PL,1
4/16/18,NT,1
4/16/18,CI,1
4/16/18,XC,1
4/16/18,CJ,1
4/16/18,RC,1
4/16/18,XC,1
4/16/18,CI,3
4/16/18,CK,1
4/16/18,NT,1
4/16/18,NT,1
4/16/18,RC,1
4/16/18,RC,1
4/16/18,CH,1
4/16/18,XC,1
4/15/18,TC,4
4/15/18,XC,1
4/15/18,VL,1
4/15/18,CK,1
4/15/18,RC,1
4/15/18,VL,1
4/15/18,PT,1
4/15/18,NT,1
4/15/18,NT,2
4/15/18,RC,1
4/15/18,HM,1
4/15/18,MC,1
4/15/18,XC,1
4/15/18,CK,1
4/15/18,CJ,1
4/15/18,HM,2
4/15/18,RC,1
4/15/18,RC,1
4/15/18,RC,1
4/15/18,NT,1
4/15/18,PT,1
4/15/18,NT,1
4/15/18,XC,1
4/15/18,HM,1
4/15/18,NT,1
4/15/18,HM,1
4/15/18,RC,1
4/15/18,XC,1
4/15/18,XC,1
4/15/18,CK,1
4/15/18,HM,1
4/15/18,CI,1
4/15/18,PL,1
4/15/18,CI,1
4/15/18,CJ,2
4/15/18,CJ,1
4/15/18,RC,1
4/15/18,NT,1
4/15/18,HM,1
4/15/18,RC,1
4/15/18,RC,1
4/15/18,XC,1
4/15/18,XC,1
4/15/18,TC,1
4/15/18,RC,1
4/15/18,RC,1
4/15/18,CJ,1
4/15/18,MC,1
4/15/18,TC,1
4/15/18,XC,1
4/15/18,CK,1
4/15/18,PT,1
4/15/18,VL,1
4/15/18,NT,1
4/15/18,RC,1
4/15/18,XC,2
4/15/18,PT,1
4/15/18,PT,1
4/15/18,NT,1
4/15/18,TC,1
4/15/18,CI,1
4/15/18,HM,1
4/15/18,PT,1
4/15/18,XC,1
4/15/18,MC,1
4/15/18,RC,1
4/15/18,NT,1
4/15/18,NT,1
4/15/18,CJ,1
4/15/18,RC,1
4/15/18,NT,1
4/15/18,PT,1
4/15/18,HM,1
4/15/18,CI,1
4/15/18,MC,1
4/15/18,HM,1
4/15/18,CJ,1
4/15/18,TC,1
4/15/18,HM,1
4/15/18,NT,1
4/15/18,PT,1
4/15/18,HM,1
4/15/18,CJ,1
4/15/18,TC,1
4/15/18,TC,1
4/15/18,PL,1
4/15/18,CK,1
4/15/18,NT,1
4/15/18,HM,1
4/15/18,HM,1
4/15/18,TC,1
4/15/18,CK,1
4/15/18,RC,1
4/15/18,XC,1
4/15/18,CJ,1
4/15/18,CK,1
4/15/18,RC,1
4/15/18,PL,1
4/15/18,CK,1
4/15/18,XC,1
4/15/18,TC,1
4/15/18,XC,1
4/15/18,XC,1
4/15/18,TC,1
4/15/18,VL,1
4/15/18,XC,1
4/15/18,CH,1
4/15/18,TC,1
4/15/18,TC,1
4/15/18,PL,1
4/15/18,VL,1
4/15/18,CH,1
4/15/18,CI,1
4/15/18,PL,1
4/15/18,TC,1
4/15/18,CH,1
4/15/18,VL,1
4/15/18,XC,2
4/15/18,RC,1
4/15/18,XC,2
4/15/18,TC,1
4/15/18,CH,1
4/15/18,XC,3
4/15/18,RC,1
4/15/18,TC,1
4/15/18,RC,2
4/14/18,CJ,2
4/14/18,TC,1
4/14/18,VL,2
4/14/18,HM,1
4/14/18,RC,1
4/14/18,NT,1
4/13/18,RC,1
4/13/18,CK,1
4/13/18,RC,1
4/13/18,NT,1
4/13/18,CJ,1
4/13/18,HM,1
4/13/18,CK,1
4/13/18,CJ,1
4/13/18,CI,2
4/13/18,CH,1
4/13/18,NT,1
4/13/18,NT,2
4/12/18,RC,2
4/12/18,CJ,1
4/12/18,RC,1
4/12/18,XC,1
4/12/18,MC,1
4/12/18,CJ,1
4/12/18,XC,1
4/12/18,VL,1
4/12/18,HM,1
4/12/18,XC,1
4/12/18,VL,1
4/12/18,XC,1
4/12/18,NT,1
4/12/18,NT,1
4/12/18,HM,1
4/12/18,TC,4
4/12/18,TC,1
4/11/18,TC,1
4/11/18,RC,1
4/11/18,PT,1
4/11/18,RC,1
4/11/18,PT,1
4/11/18,VL,1
4/11/18,RC,1
4/11/18,RC,1
4/11/18,RC,1
4/11/18,PT,1
4/11/18,RC,1
4/11/18,XC,1
4/10/18,PT,1
4/10/18,RC,1
4/10/18,RC,1
4/9/18,CK,1
4/9/18,CJ,1
4/9/18,PL,1
4/9/18,RC,1
4/9/18,CK,1
4/9/18,RC,1
4/9/18,PL,1
4/9/18,PT,1
4/9/18,CK,1
4/9/18,RC,1
4/9/18,PT,1
4/9/18,CK,1
4/9/18,PT,3
4/9/18,XC,2
4/9/18,PL,3
4/9/18,CK,1
4/9/18,XC,1
4/9/18,CK,1
4/9/18,CK,2
4/6/18,CJ,1
4/6/18,HM,1
4/6/18,HM,1
4/6/18,MC,1
4/6/18,TC,1
4/6/18,CJ,1
4/6/18,MC,1
4/6/18,RC,1
4/6/18,CJ,1
4/6/18,CJ,1
4/6/18,CI,2
4/6/18,CJ,1
4/5/18,VL,1
4/5/18,NT,1
4/5/18,NT,1
4/5/18,CK,1
4/5/18,VL,1
4/5/18,TC,1
4/5/18,NT,1
4/5/18,XC,2
4/5/18,TC,1
4/5/18,VL,1
4/5/18,XC,1
4/5/18,HM,1
4/5/18,CK,1
4/5/18,TC,1
4/5/18,NT,1
4/5/18,CK,1
4/5/18,NT,1
4/5/18,TC,1
4/5/18,TC,1
4/5/18,NT,1
4/5/18,TC,1
4/5/18,XC,1
4/4/18,RC,1
4/4/18,RC,1
4/4/18,CK,1
4/4/18,XC,1
4/4/18,CH,1
4/4/18,CI,1
4/4/18,RC,1
4/4/18,RC,2
4/4/18,CK,1
4/4/18,TC,1
4/4/18,TC,1
4/4/18,CI,1
4/4/18,NT,1
4/4/18,CK,1
4/4/18,CJ,1
4/4/18,MC,2
4/4/18,MT,2
4/4/18,MT,1
4/4/18,TC,1
4/4/18,MT,1
4/3/18,CJ,1
4/3/18,MC,2
4/3/18,NT,2
4/3/18,XC,1
4/3/18,CK,2
4/3/18,NT,1
4/3/18,CK,1
4/3/18,XC,1
4/3/18,NT,1
4/3/18,CK,1
4/3/18,NT,1
4/3/18,CK,1
4/3/18,HM,1
4/3/18,HM,2
4/3/18,XC,1
4/3/18,NT,2
4/3/18,NT,1
4/3/18,TC,2
3/28/18,CJ,1
3/28/18,TC,2
3/27/18,RC,1
3/27/18,RC,1
3/27/18,TC,1
3/27/18,VL,1
3/27/18,CI,1
3/27/18,CJ,1
3/27/18,CK,1
3/26/18,RC,1
3/26/18,PT,1
3/26/18,MC,1
3/25/18,HM,1
3/25/18,PT,1
3/25/18,NT,1
3/25/18,PL,1
3/25/18,CK,1
3/25/18,MT,1
3/25/18,CK,1
3/25/18,CK,1
3/25/18,MT,1
3/25/18,NT,1
3/25/18,PT,1
3/25/18,PT,2
3/25/18,NT,1
3/25/18,PT,1
3/25/18,NT,4
3/25/18,VL,1
3/25/18,MT,1
3/25/18,MT,1
3/25/18,CJ,1
3/25/18,NT,1
3/25/18,CT,1
3/25/18,CJ,1
3/25/18,CJ,1
3/25/18,NT,1
3/25/18,PL,1
3/25/18,CK,2
3/25/18,MT,1
3/25/18,RC,2
3/25/18,CK,1
3/25/18,CK,1
3/25/18,NT,1
3/25/18,PL,1
3/25/18,RC,1
3/25/18,PL,1
3/25/18,NT,1
3/25/18,CJ,2
3/25/18,NT,1
3/25/18,XC,1
3/25/18,CK,1
3/25/18,XC,1
3/25/18,HM,1
3/25/18,VL,1
3/25/18,XC,1
3/25/18,CJ,1
3/25/18,CJ,1
3/25/18,NT,1
3/25/18,XC,1
3/25/18,HM,1
3/25/18,CI,1
3/25/18,RC,1
3/25/18,VL,1
3/25/18,CI,1
3/25/18,CK,1
3/25/18,CI,1
3/25/18,CK,1
3/25/18,VL,1
3/25/18,NT,1
3/25/18,VL,1
3/25/18,NT,1
3/25/18,RC,1
3/25/18,RC,2
3/25/18,RC,1
3/25/18,NT,1
3/25/18,CK,1
3/25/18,XC,1
3/25/18,CK,1
3/25/18,TC,1
3/25/18,RC,1
3/25/18,CK,1
3/25/18,TC,2
3/25/18,NT,2
3/25/18,VL,1
3/25/18,VL,1
3/23/18,CJ,1
3/23/18,TC,4
3/23/18,CJ,1
3/23/18,CI,1
3/23/18,RC,1
3/23/18,XC,2
3/23/18,CI,2
3/23/18,CJ,1
3/23/18,CT,1
3/23/18,HM,1
3/23/18,CK,1
3/22/18,VL,2
3/22/18,TC,1
3/22/18,TC,1
3/22/18,CH,1
3/22/18,TC,1
3/22/18,NT,2
3/22/18,TC,1
3/22/18,MC,1
3/22/18,CJ,1
3/22/18,VL,1
3/22/18,NT,1
3/22/18,RC,1
3/22/18,CH,1
3/22/18,CJ,1
3/22/18,VL,1
3/22/18,HM,1
3/22/18,TC,1
3/22/18,CK,2
3/22/18,PT,1
3/22/18,TC,1
3/22/18,CK,1
3/22/18,XC,1
3/22/18,TC,1
3/22/18,XC,2
3/22/18,PT,1
3/21/18,CJ,1
3/21/18,HM,2
3/21/18,NT,1
3/21/18,TC,1
3/21/18,NT,1
3/20/18,NT,1
3/20/18,HM,1
3/20/18,CT,1
3/20/18,CJ,1
3/20/18,NT,1
3/20/18,XC,1
3/20/18,CJ,1
3/20/18,HM,1
3/20/18,XC,1
3/20/18,XC,1
3/20/18,TC,1
3/20/18,MC,1
3/20/18,XC,1
3/20/18,VL,1
3/19/18,XC,2
3/19/18,RC,1
3/19/18,CK,1
3/19/18,TC,1
3/19/18,CJ,1
3/16/18,CT,1
3/16/18,VL,1
3/16/18,HM,1
3/16/18,HM,1
3/16/18,TC,1
3/16/18,MT,2
3/16/18,XC,1
3/16/18,CT,1
3/16/18,HM,1
3/16/18,CT,1
3/16/18,CJ,1
3/16/18,TC,1
3/16/18,CT,1
3/16/18,TC,1
3/16/18,PL,1
3/16/18,MT,2
3/16/18,HM,1
3/16/18,TC,1
3/16/18,CT,1
3/16/18,CK,1
3/16/18,CI,1
3/16/18,HM,1
3/16/18,RC,1
3/16/18,CJ,1
3/16/18,CJ,2
3/16/18,TC,1
3/16/18,CH,1
3/16/18,TC,1
3/16/18,TC,1
3/16/18,TC,1
3/16/18,CK,1
3/16/18,PL,1
3/15/18,HM,1
3/15/18,RC,1
3/15/18,NT,2
3/15/18,CH,1
3/15/18,XC,2
3/15/18,NT,1
3/15/18,RC,1
3/15/18,CK,1
3/15/18,HM,1
3/15/18,PL,1
3/15/18,RC,1
3/15/18,RC,1
3/15/18,TC,1
3/15/18,CK,1
3/15/18,RC,1
3/15/18,CH,1
3/15/18,CK,1
3/15/18,PL,1
3/15/18,VL,1
3/15/18,HM,1
3/15/18,MC,1
3/15/18,TC,1
3/15/18,CI,1
3/15/18,XC,1
3/15/18,RC,1
3/14/18,RC,1
3/14/18,PL,1
3/14/18,TC,1
3/14/18,PL,1
3/14/18,RC,1
3/14/18,CI,1
3/14/18,PT,1
3/14/18,RC,1
3/14/18,CI,1
3/14/18,MC,1
3/14/18,CJ,1
3/14/18,TC,1
3/14/18,NT,1
3/13/18,VL,2
3/13/18,TC,1
3/13/18,XC,1
3/13/18,HM,1
3/13/18,NT,1
3/13/18,MC,1
3/13/18,HM,1
3/13/18,NT,1
3/13/18,XC,1
3/13/18,XC,1
3/13/18,MT,1
3/13/18,HM,1
3/13/18,NT,1
3/13/18,TC,1
3/13/18,CJ,1
3/13/18,MC,1
3/13/18,VL,2
3/12/18,VL,1
3/12/18,PL,2
3/12/18,CK,1
3/12/18,CK,1
3/12/18,TC,1
3/12/18,PL,1
3/12/18,CK,1
3/12/18,TC,2
3/12/18,XC,1
3/12/18,XC,1
3/12/18,PL,1
3/12/18,VL,1
3/12/18,TC,1
3/8/18,CJ,1
3/8/18,TC,1
3/8/18,NT,1
3/8/18,TC,1
3/8/18,NT,1
3/8/18,CK,1
3/7/18,VL,1
3/7/18,MT,1
3/7/18,CK,1
3/7/18,CK,1
3/7/18,HM,1
3/7/18,RC,1
3/7/18,RC,1
3/7/18,TC,1
3/7/18,RC,1
3/7/18,MT,1
3/7/18,CJ,1
3/7/18,NT,1
3/7/18,XC,2
3/7/18,VL,1
3/7/18,RC,1
3/7/18,CK,1
3/7/18,TC,1
3/7/18,CI,1
3/7/18,NT,1
3/7/18,CK,1
3/7/18,NT,1
3/6/18,CK,1
3/6/18,RC,1
3/6/18,VL,1
3/6/18,CK,1
3/6/18,CI,1
3/6/18,HM,1
3/6/18,XC,1
3/6/18,XC,3
3/5/18,NT,2
3/5/18,TC,1
3/5/18,HM,1
3/5/18,NT,1
3/5/18,CJ,1
3/5/18,TC,1
3/5/18,PL,1
3/4/18,NT,2
3/4/18,XC,1
3/4/18,MC,1
3/4/18,CJ,2
3/4/18,PL,1
3/4/18,TC,2
3/4/18,XC,1
3/4/18,RC,1
3/4/18,XC,2
3/4/18,RC,1
3/4/18,NT,2
3/4/18,RC,1
3/4/18,RC,1
3/4/18,RC,1
3/4/18,MC,1
3/4/18,PL,1
3/4/18,TC,1
3/4/18,HM,1
3/4/18,PL,1
3/4/18,XC,2
3/4/18,PT,1
3/4/18,RC,1
3/4/18,MC,1
3/4/18,RC,1
3/4/18,PL,1
3/4/18,CT,1
3/4/18,TC,1
3/4/18,CK,2
3/4/18,XC,1
3/4/18,NT,1
3/4/18,VL,1
3/4/18,CK,1
3/4/18,CJ,1
3/4/18,CT,1
3/4/18,CK,1
3/4/18,NT,1
3/4/18,CJ,1
3/4/18,NT,1
3/4/18,PT,1
3/4/18,PT,3
3/4/18,RC,1
3/4/18,PL,1
3/4/18,TC,2
3/2/18,RC,1
3/2/18,NT,1
3/2/18,CT,1
3/2/18,RC,1
3/2/18,XC,1
3/2/18,NT,1
3/2/18,VL,1
3/2/18,CJ,1
3/2/18,TC,1
3/2/18,HM,1
3/2/18,NT,2
3/2/18,CK,1
3/2/18,XC,1
3/2/18,TC,1
3/2/18,XC,1
3/2/18,XC,1
3/2/18,CK,1
3/2/18,XC,1
3/2/18,CI,1
3/2/18,TC,1
3/2/18,CI,1
3/2/18,TC,1
3/2/18,TC,1
3/2/18,CI,1
3/2/18,CK,1
3/1/18,RM,1
3/1/18,CJ,1
3/1/18,NT,1
3/1/18,XC,1
3/1/18,TC,2
3/1/18,NT,1
3/1/18,CK,1
3/1/18,NT,1
3/1/18,TC,1
3/1/18,NT,1
3/1/18,CK,1
3/1/18,XC,1
3/1/18,VL,1
2/28/18,TC,1
2/28/18,NT,1
2/28/18,RM,1
2/28/18,TC,1
2/28/18,XC,1
2/28/18,CI,1
2/28/18,TC,1
2/28/18,NT,1
2/27/18,VL,1
2/27/18,CI,1
2/27/18,TC,1
2/27/18,CK,1
2/27/18,RM,1
2/27/18,HM,1
2/27/18,CI,1
2/27/18,HM,1
2/27/18,XC,1
2/27/18,CI,1
2/27/18,NT,1
2/26/18,VL,1
2/26/18,VL,1
2/26/18,TC,1
2/23/18,TC,1
2/23/18,NT,1
2/23/18,RM,1
2/23/18,HM,1
2/23/18,CK,1
2/23/18,RM,1
2/23/18,NT,1
2/23/18,RM,1
2/23/18,CK,1
2/23/18,TC,1
2/23/18,RM,1
2/23/18,TC,1
2/22/18,RM,1
2/22/18,CT,1
2/22/18,TC,1
2/22/18,NT,2
2/22/18,TC,1
2/22/18,XC,1
2/22/18,MT,1
2/22/18,CK,1
2/22/18,RM,1
2/22/18,HM,1
2/22/18,TC,1
2/22/18,CH,1
2/22/18,TC,1
2/22/18,HM,1
2/22/18,CI,1
2/22/18,CK,1
2/21/18,HM,1
2/21/18,XC,1
2/21/18,CK,1
2/21/18,RM,1
2/21/18,CJ,1
2/21/18,CK,1
2/21/18,CT,1
2/21/18,CI,1
2/21/18,CI,1
2/21/18,NT,1
2/21/18,XC,2
2/21/18,CI,1
2/21/18,TC,1
2/21/18,TC,1
2/20/18,RM,1
2/20/18,XC,1
2/20/18,HM,1
2/20/18,CK,1
2/20/18,RM,1
2/20/18,CK,1
2/20/18,TC,1
2/20/18,CJ,1
2/20/18,TC,1
2/20/18,CK,1
2/20/18,MT,1
2/20/18,HM,1
2/20/18,XC,1
2/20/18,CJ,1
2/20/18,TC,1
2/20/18,NT,1
2/20/18,CK,1
2/20/18,NT,1
2/20/18,RM,1
2/20/18,XC,1
2/20/18,NT,1
2/19/18,CK,1
2/19/18,TC,1
2/19/18,NT,1
2/19/18,HM,1
2/19/18,CI,1
2/19/18,CK,1
2/19/18,TC,1
2/19/18,CK,1
2/19/18,CI,1
2/19/18,CJ,1
2/19/18,CI,1
2/19/18,NT,1
2/16/18,NT,1
2/16/18,RM,1
2/16/18,CI,1
2/16/18,PL,1
2/16/18,NT,1
2/16/18,CH,1
2/16/18,RM,1
2/16/18,TC,1
2/16/18,PL,1
2/16/18,HM,1
2/16/18,CJ,1
2/15/18,CI,1
2/15/18,XC,2
2/15/18,CJ,1
2/15/18,CI,1
2/15/18,CJ,3
2/15/18,CK,1
2/15/18,NT,1
2/15/18,XC,1
2/15/18,NT,1
2/15/18,HM,1
2/14/18,CK,4
2/14/18,PL,2
2/14/18,CJ,1
2/14/18,RM,1
2/14/18,CI,1
2/14/18,CJ,3
2/14/18,CK,1
2/14/18,XC,1
2/14/18,CJ,1
2/13/18,HM,1
2/13/18,CJ,1
2/13/18,NT,1
2/13/18,PL,1
2/13/18,XC,1
2/13/18,TC,1
2/13/18,CT,1
2/13/18,CI,1
2/13/18,TC,1
2/13/18,RM,1
2/13/18,MT,1
2/13/18,PL,1
2/13/18,VL,1
2/13/18,TC,1
2/13/18,CI,1
2/13/18,HM,1
2/13/18,CJ,1
2/13/18,HM,1
2/13/18,CI,1
2/13/18,NT,1
2/13/18,VL,1
2/13/18,NT,1
2/13/18,HM,1
2/13/18,RM,1
2/13/18,NT,1
2/13/18,TC,1
2/13/18,NT,1
2/13/18,CI,1
2/12/18,NT,1
2/12/18,TC,1
2/12/18,RM,1
2/12/18,XC,2
2/12/18,CK,1
2/12/18,TC,1
2/12/18,NT,1
2/12/18,HM,1
2/11/18,CJ,1
2/11/18,NT,1
2/11/18,CI,1
2/11/18,NT,1
2/11/18,CK,1
2/11/18,NT,1
2/11/18,PL,1
2/11/18,RM,1
2/11/18,XC,1
2/11/18,XC,1
2/11/18,NT,1
2/11/18,RM,1
2/11/18,PL,1
2/11/18,CI,1
2/11/18,PL,1
2/11/18,HM,2
2/11/18,NT,2
2/11/18,PL,1
2/11/18,XC,1
2/11/18,MT,1
2/11/18,VL,1
2/11/18,CI,1
2/11/18,HM,1
2/11/18,XC,1
2/11/18,CK,1
2/11/18,CI,1
2/11/18,XC,1
2/11/18,CI,2
2/11/18,CT,1
2/11/18,HM,1
2/11/18,HM,1
2/11/18,CI,1
2/11/18,MT,1
2/11/18,TC,1
2/11/18,CI,1
2/11/18,HM,1
2/11/18,XC,1
2/11/18,VL,1
2/11/18,CI,1
2/11/18,XC,1
2/11/18,CT,1
2/11/18,TC,1
2/11/18,HM,1
2/11/18,XC,1
2/11/18,VL,1
2/11/18,NT,1
2/11/18,XC,1
2/11/18,VL,1
2/11/18,CK,1
2/11/18,RM,1
2/11/18,NT,2
2/11/18,XC,1
2/11/18,XC,1
2/11/18,NT,1
2/11/18,PL,1
2/11/18,NT,1
2/11/18,VL,1
2/11/18,TC,2
2/11/18,HM,1
2/11/18,VL,1
2/11/18,XC,1
2/11/18,PL,1
2/11/18,NT,1
2/11/18,XC,1
2/11/18,VL,1
2/11/18,XC,2
2/11/18,TC,2
2/11/18,PL,1
2/11/18,TC,1
2/11/18,TC,2
2/11/18,XC,1
2/11/18,TC,1
2/11/18,CK,1
2/11/18,PL,1
2/11/18,XC,2
2/11/18,NT,1
2/11/18,VL,1
2/11/18,TC,2
2/11/18,RM,1
2/11/18,TC,1
2/11/18,TC,1
2/11/18,TC,1
2/11/18,TC,1
2/11/18,NT,1
2/11/18,NT,1
2/11/18,VL,1
2/11/18,XC,1
2/11/18,CK,1
2/11/18,TC,1
2/11/18,VL,1
2/11/18,CK,1
2/11/18,XC,1
2/11/18,VL,1
2/9/18,TC,1
2/9/18,NT,1
2/9/18,HM,2
2/9/18,CJ,1
2/9/18,HM,1
2/9/18,RM,1
2/9/18,CK,1
2/9/18,CK,1
2/9/18,RM,1
2/9/18,CK,1
2/9/18,TC,1
2/9/18,TC,1
2/9/18,TC,1
2/9/18,MT,1
2/8/18,CI,1
2/8/18,XC,1
2/8/18,CK,1
2/8/18,CJ,1
2/8/18,RM,1
2/8/18,VL,1
2/8/18,RM,1
2/8/18,HM,1
2/8/18,TC,1
2/7/18,CJ,1
2/7/18,CK,1
2/7/18,NT,1
2/7/18,HM,1
2/7/18,CK,1
2/7/18,NV,1
2/7/18,NT,1
2/7/18,TC,1
2/7/18,CK,1
2/7/18,CJ,1
2/7/18,HM,1
2/7/18,CJ,1
2/7/18,HM,1
2/7/18,XC,1
2/7/18,NT,1
2/7/18,CK,1
2/7/18,TC,1
2/7/18,XC,1
2/7/18,CK,1
2/7/18,RM,1
2/7/18,TC,1
2/7/18,NT,1
2/7/18,NT,1
2/7/18,CK,1
2/7/18,NT,1
2/6/18,NV,1
2/6/18,CJ,1
2/6/18,NT,1
2/6/18,NV,1
2/6/18,NT,2
2/6/18,NT,1
2/6/18,TC,1
2/2/18,PL,1
2/2/18,CK,2
2/2/18,HM,1
2/2/18,RM,1
2/2/18,TC,1
2/2/18,CJ,1
2/2/18,HM,2
2/2/18,VL,1
2/2/18,CH,1
2/2/18,CJ,1
2/2/18,CJ,1
2/2/18,VL,1
2/2/18,NT,1
2/2/18,HM,1
2/2/18,CJ,1
2/2/18,CJ,1
2/2/18,MT,1
2/2/18,PL,1
2/2/18,RM,1
2/2/18,VL,1
2/2/18,NT,1
2/2/18,VL,1
2/2/18,CI,1
2/2/18,PL,1
2/2/18,NT,1
2/2/18,PL,1
2/2/18,CJ,1
2/2/18,PL,1
2/1/18,PL,1
2/1/18,CJ,1
2/1/18,CT,1
2/1/18,CK,1
2/1/18,RM,1
2/1/18,HM,1
2/1/18,NT,1
2/1/18,MT,1
2/1/18,CK,2
2/1/18,CJ,1
2/1/18,CJ,1
2/1/18,CJ,1
2/1/18,CJ,1
2/1/18,RM,1
2/1/18,NT,3
2/1/18,RM,1
2/1/18,VL,1
2/1/18,CK,1
2/1/18,NT,1
1/31/18,CJ,1
1/31/18,CJ,1
1/31/18,RM,1
1/31/18,VL,2
1/31/18,RM,1
1/31/18,CJ,1
1/31/18,CI,1
1/31/18,CK,3
1/31/18,NT,1
1/31/18,HM,1
1/31/18,VL,1
1/31/18,RM,1
1/31/18,CI,1
1/31/18,CK,1
1/31/18,NT,1
1/31/18,XC,1
1/31/18,NT,1
1/31/18,CK,1
1/31/18,CJ,1
1/31/18,XC,1
1/31/18,VL,1
1/30/18,VL,2
1/30/18,CH,1
1/30/18,XC,1
1/30/18,CH,2
1/30/18,RM,1
1/30/18,CK,1
1/30/18,RM,1
1/30/18,TC,1
1/30/18,VL,1
1/30/18,XC,1
1/30/18,CJ,1
1/30/18,HM,1
1/30/18,XC,1
1/30/18,TC,1
1/30/18,VL,1
1/30/18,XC,1
1/30/18,TC,1
1/30/18,TC,1
1/30/18,CK,1
1/30/18,CJ,1
1/30/18,CJ,1
1/30/18,CK,1
1/30/18,TC,1
1/30/18,CK,1
1/30/18,VL,1
1/30/18,TC,1
1/29/18,VL,1
1/29/18,HM,1
1/29/18,CJ,2
1/29/18,TC,1
1/29/18,NT,1
1/29/18,VL,1
1/29/18,TC,1
1/29/18,RM,1
1/29/18,CK,1
1/29/18,NT,1
1/29/18,XC,1
1/29/18,XC,1
1/29/18,TC,1
1/29/18,TC,2
1/28/18,CT,1
1/28/18,MT,1
1/28/18,PL,1
1/28/18,RM,1
1/28/18,NT,1
1/28/18,RM,1
1/28/18,VL,1
1/28/18,HM,1
1/28/18,NT,1
1/28/18,PL,1
1/28/18,NT,1
1/28/18,VL,1
1/28/18,NT,1
1/28/18,HM,1
1/28/18,PL,1
1/28/18,HM,1
1/28/18,CH,1
1/28/18,CT,1
1/28/18,NT,1
1/28/18,XC,1
1/28/18,HM,1
1/28/18,NT,2
1/28/18,HM,1
1/28/18,VL,1
1/28/18,PL,1
1/28/18,NT,1
1/28/18,CJ,1
1/28/18,HM,1
1/28/18,TC,1
1/28/18,CJ,1
1/28/18,CK,1
1/28/18,TC,1
1/28/18,NT,1
1/28/18,CK,2
1/28/18,VL,1
1/28/18,CI,1
1/28/18,NT,1
1/28/18,CH,1
1/28/18,RM,1
1/28/18,CH,1
1/28/18,NT,1
1/28/18,CI,1
1/28/18,CI,2
1/28/18,CK,2
1/28/18,NT,2
1/28/18,CI,1
1/28/18,PL,1
1/28/18,CK,1
1/28/18,CT,1
1/28/18,CH,1
1/28/18,PL,1
1/28/18,TC,1
1/28/18,TC,1
1/28/18,NT,2
1/28/18,CT,1
1/28/18,NT,1
1/28/18,PL,1
1/28/18,PL,2
1/28/18,CH,1
1/28/18,CI,1
1/28/18,CK,1
1/28/18,PL,1
1/28/18,XC,1
1/28/18,XC,2
1/28/18,CT,1
1/28/18,XC,1
1/28/18,CK,1
1/28/18,XC,1
1/28/18,TC,1
1/28/18,CT,1
1/28/18,CJ,1
1/28/18,RM,2
1/28/18,PL,1
1/28/18,XC,1
1/28/18,CH,1
1/28/18,VL,1
1/28/18,TC,1
1/28/18,RM,1
1/28/18,TC,1
1/28/18,CH,1
1/28/18,RM,2
1/28/18,TC,1
1/28/18,VL,1
1/28/18,CK,1
1/28/18,CK,1
1/28/18,TC,1
1/28/18,CK,1
1/28/18,TC,1
1/28/18,CH,1
1/28/18,VL,1
1/28/18,RM,1
1/28/18,VL,1
1/28/18,RM,1
1/28/18,VL,1
1/28/18,CK,1
1/28/18,TC,1
1/28/18,RM,1
1/28/18,TC,1
1/28/18,CK,1
1/28/18,CH,1
1/28/18,CK,3
1/28/18,VL,1
1/28/18,XC,1
1/28/18,VL,1
1/28/18,VL,1
1/28/18,CK,1
1/28/18,TC,2
1/28/18,XC,1
1/26/18,CK,1
1/26/18,NT,1
1/26/18,CK,1
1/26/18,NT,1
1/26/18,MT,1
1/26/18,XC,1
1/26/18,CK,1
1/26/18,CI,1
1/26/18,CK,1
1/26/18,NT,1
1/26/18,CK,1
1/26/18,RM,1
1/26/18,NT,1
1/26/18,RM,1
1/26/18,CJ,1
1/26/18,CJ,1
1/26/18,VL,1
1/26/18,CK,1
1/26/18,CI,1
1/26/18,VL,1
1/26/18,HM,1
1/26/18,VL,1
1/25/18,MT,1
1/25/18,VL,1
1/25/18,VL,1
1/25/18,MT,1
1/25/18,VL,1
1/25/18,VL,1
1/25/18,VL,1
1/25/18,HM,2
1/25/18,CK,1
1/25/18,XC,1
1/25/18,XC,1
1/25/18,XC,1
1/25/18,NT,2
1/25/18,NT,1
1/25/18,CI,1
1/25/18,HM,1
1/25/18,CK,1
1/25/18,CK,1
1/25/18,XC,1
1/25/18,HM,1
1/25/18,NT,1
1/25/18,NT,1
1/25/18,XC,1
1/25/18,CK,3
1/24/18,CI,1
1/24/18,CJ,1
1/24/18,CI,1
1/24/18,NT,1
1/24/18,CI,1
1/24/18,CI,1
1/24/18,CH,1
1/24/18,MT,1
1/24/18,XC,1
1/24/18,CK,1
1/24/18,NT,1
1/24/18,CH,1
1/24/18,XC,1
1/24/18,MT,1
1/24/18,CK,1
1/23/18,TC,1
1/23/18,XC,1
1/23/18,HM,1
1/23/18,XC,1
1/23/18,HM,1
1/23/18,CJ,1
1/23/18,XC,1
1/23/18,NT,1
1/23/18,XC,1
1/23/18,VL,1
1/23/18,TC,1
1/22/18,CK,1
1/22/18,CI,1
1/22/18,CT,1
1/22/18,TC,1
1/22/18,VL,1
1/22/18,CH,1
1/22/18,XC,1
1/22/18,HM,1
1/22/18,CI,1
1/22/18,VL,1
1/22/18,XC,1
1/22/18,HM,1
1/22/18,CI,1
1/22/18,XC,1
1/22/18,CK,1
1/22/18,TC,1
1/22/18,TC,1
1/21/18,CK,1
1/21/18,XC,2
1/21/18,HM,1
1/21/18,XC,1
1/21/18,MT,1
1/21/18,XC,1
1/21/18,CI,1
1/21/18,CK,2
1/21/18,CI,1
1/21/18,NT,1
1/21/18,CK,1
1/21/18,HM,1
1/21/18,CT,1
1/21/18,XC,1
1/21/18,CK,1
1/21/18,CK,2
1/21/18,TC,2
1/21/18,NT,1
1/21/18,PL,1
1/21/18,TC,1
1/21/18,NT,1
1/21/18,HM,1
1/21/18,HM,1
1/21/18,XC,1
1/21/18,NT,1
1/21/18,CK,1
1/21/18,TC,1
1/21/18,CI,1
1/21/18,CK,1
1/21/18,CK,1
1/21/18,TC,1
1/21/18,XC,1
1/21/18,NT,1
1/21/18,NT,1
1/21/18,TC,1
1/21/18,XC,2
1/21/18,NT,1
1/21/18,CJ,7
1/21/18,HM,1
1/21/18,HM,1
1/21/18,NT,1
1/21/18,PL,1
1/21/18,CI,1
1/21/18,NT,1
1/21/18,CI,2
1/21/18,CT,1
1/21/18,CI,1
1/21/18,HM,1
1/21/18,PL,1
1/21/18,PL,1
1/21/18,CI,1
1/21/18,CT,1
1/21/18,NT,1
1/21/18,HM,1
1/21/18,XC,2
1/21/18,XC,1
1/21/18,HM,1
1/21/18,NT,1
1/21/18,CI,1
1/21/18,CT,2
1/21/18,NT,2
1/21/18,PL,1
1/21/18,XC,1
1/21/18,CI,1
1/21/18,TC,1
1/21/18,VL,1
1/21/18,CK,1
1/21/18,CI,1
1/21/18,TC,2
1/21/18,CI,1
1/21/18,NT,1
1/21/18,XC,1
1/21/18,TC,1
1/21/18,CK,1
1/21/18,PL,1
1/21/18,PL,2
1/21/18,CK,1
1/21/18,PL,1
1/21/18,CK,1
1/21/18,VL,1
1/21/18,TC,1
1/21/18,TC,1
1/21/18,VL,2
1/21/18,CK,1
1/21/18,XC,1
1/21/18,NT,1
1/21/18,VL,2
1/21/18,TC,1
1/21/18,NT,1
1/21/18,TC,1
1/21/18,CK,1
1/21/18,NT,2
1/21/18,XC,1
1/21/18,VL,1
1/21/18,TC,1
1/21/18,NT,1
1/21/18,PL,1
1/21/18,CK,1
1/21/18,XC,1
1/21/18,NT,1
1/21/18,TC,1
1/21/18,PL,2
1/21/18,VL,1
1/21/18,TC,1
1/21/18,NT,1
1/21/18,PL,1
1/21/18,TC,1
1/21/18,NT,1
1/21/18,NT,1
1/21/18,VL,1
1/21/18,TC,1
1/21/18,NT,1
1/21/18,NT,1
1/21/18,TC,1
1/21/18,TC,1
1/21/18,NT,1
1/21/18,VL,1
1/21/18,CK,1
1/21/18,NT,1
1/19/18,CK,1
1/19/18,NT,1
1/19/18,CJ,1
1/19/18,TC,1
1/19/18,TC,1
1/19/18,CK,1
1/19/18,PL,1
1/19/18,NT,1
1/19/18,HM,1
1/19/18,TC,1
1/19/18,NT,1
1/19/18,CJ,3
1/19/18,VL,1
1/19/18,HM,1
1/19/18,XC,1
1/19/18,CK,1
1/19/18,HM,1
1/19/18,CK,1
1/19/18,NT,1
1/19/18,VL,1
1/19/18,TC,1
1/18/18,CK,1
1/18/18,TC,1
1/18/18,TC,1
1/18/18,CT,1
1/18/18,CK,1
1/18/18,CJ,1
1/18/18,CT,1
1/18/18,VL,1
1/18/18,MT,1
1/18/18,CH,1
1/18/18,XC,1
1/18/18,TC,1
1/18/18,CI,1
1/18/18,CH,1
1/18/18,CH,1
1/18/18,CJ,1
1/18/18,NT,1
1/18/18,VL,1
1/18/18,NT,1
1/18/18,NT,2
1/18/18,TC,3
1/18/18,NT,2
1/18/18,VL,1
1/18/18,CH,1
1/18/18,NT,1
1/18/18,TC,2
1/18/18,XC,1
1/17/18,TC,1
1/17/18,MT,1
1/17/18,NT,2
1/17/18,CJ,1
1/17/18,NT,1
1/17/18,MT,1
1/17/18,CI,1
1/17/18,XC,1
1/17/18,XC,1
1/17/18,CK,1
1/17/18,CJ,1
1/17/18,TC,2
1/17/18,NT,1
1/17/18,CI,1
1/17/18,TC,3
1/17/18,TC,3
1/17/18,CK,1
1/17/18,NT,1
1/17/18,CI,1
1/17/18,VL,1
1/17/18,NT,1
1/17/18,CK,1
1/17/18,CI,1
1/17/18,XC,2
1/16/18,TC,1
1/16/18,NT,1
1/16/18,TC,1
1/16/18,NT,1
1/16/18,VL,1
1/16/18,NT,1
1/16/18,CK,1
1/16/18,TC,1
1/16/18,NT,1
1/16/18,TC,1
1/16/18,CK,1
1/16/18,TC,2
1/16/18,VL,2
1/10/18,VL,1
1/10/18,CK,1
1/10/18,CI,1
1/10/18,VL,1
1/10/18,CJ,1
1/10/18,CJ,1
1/10/18,MT,1
1/5/18,TC,1
1/5/18,TC,1
1/5/18,CK,1
1/5/18,NT,1
1/5/18,CI,1
1/5/18,CI,1
1/5/18,TC,1
1/5/18,PL,2
1/5/18,CI,1
1/5/18,CK,1
1/5/18,VL,1
1/5/18,TC,1
1/5/18,NT,1
1/5/18,CT,1
1/5/18,CI,1
1/5/18,TC,1
1/5/18,TC,1
1/5/18,XC,1
1/5/18,NT,1
1/5/18,TC,1
1/4/18,CT,1
1/4/18,XC,1
1/4/18,CT,1
1/4/18,CK,1
1/4/18,CI,1
1/4/18,XC,1
1/4/18,CH,1
1/4/18,NT,1
1/4/18,NT,2
1/4/18,CI,2
1/4/18,CT,2
1/4/18,CK,2
1/4/18,VL,2
1/4/18,CH,2
1/4/18,NT,1
1/4/18,CT,1
1/4/18,CK,1
1/4/18,TC,1
1/4/18,NT,1
1/4/18,TC,1
1/4/18,NT,1
1/4/18,XC,1
1/4/18,TC,1
1/3/18,VL,1
1/3/18,NT,1
1/3/18,CK,2
1/3/18,XC,1
1/3/18,CH,1
1/3/18,NT,1
1/3/18,CH,1
1/3/18,CK,1
1/3/18,XC,1
1/3/18,MT,1
1/3/18,NT,1
1/3/18,PL,1
1/3/18,CH,1
1/3/18,CK,1
1/3/18,XC,1
1/3/18,CI,1
1/3/18,TC,1
1/3/18,XC,1
1/3/18,TC,1
1/3/18,XC,1
1/3/18,CT,1
1/3/18,CK,1
1/3/18,TC,1
1/3/18,CH,1
1/3/18,NT,1
1/3/18,CT,1
1/3/18,CT,2
1/3/18,XC,1
1/3/18,CK,1
1/3/18,CI,1
1/3/18,TC,1
1/3/18,XC,1
1/3/18,CT,1
1/3/18,CH,1
1/3/18,CK,1
1/3/18,XC,1
1/3/18,TC,1
1/3/18,CI,1
1/3/18,CT,2
1/3/18,NT,2
1/3/18,CK,1
1/3/18,TC,1
1/3/18,NT,2
1/2/18,PL,1
1/2/18,NT,1
1/2/18,XC,1
1/2/18,NT,1
1/2/18,TC,11
1/2/18,PL,1
1/2/18,CI,1
1/2/18,MT,1
1/2/18,PL,1
1/2/18,NT,1
1/2/18,CJ,4
